dstport,protocol,tag
57420,tcp,sv_P4
30759,icmp,email
711,tcp,sv_P3
59444,icmp,sv_P2
25439,udp,sv_P2
12036,udp,email
8595,tcp,email
46956,tcp,sv_P3
30920,udp,sv_P5
23890,tcp,sv_P3
543,tcp,sv_P4
5463,udp,sv_P3
3556,icmp,sv_P5
64650,icmp,sv_P5
42906,udp,email
4726,tcp,sv_P1
39936,tcp,sv_P5
18743,udp,sv_P3
26691,icmp,email
17171,tcp,sv_P5
13116,icmp,email
47337,udp,sv_P3
46911,icmp,sv_P2
63021,tcp,sv_P5
60256,icmp,sv_P4
59350,tcp,sv_P4
25001,tcp,sv_P2
46807,icmp,sv_P3
7025,udp,sv_P4
3454,tcp,email
8092,udp,sv_P2
10086,tcp,sv_P1
22856,udp,sv_P4
13038,tcp,sv_P4
3380,icmp,email
25587,udp,sv_P5
22734,icmp,sv_P2
57148,tcp,sv_P5
24873,icmp,sv_P2
15810,udp,sv_P1
8276,udp,sv_P4
48431,udp,email
53796,tcp,sv_P2
3069,tcp,sv_P5
2684,tcp,sv_P4
42634,udp,sv_P5
63945,tcp,sv_P3
6733,udp,sv_P2
54345,udp,sv_P5
44370,udp,sv_P1
52441,icmp,sv_P3
40780,tcp,sv_P4
14404,tcp,sv_P1
38427,udp,email
46246,icmp,email
62820,tcp,sv_P1
38839,tcp,sv_P4
25875,udp,sv_P3
26987,udp,email
566,udp,sv_P3
5245,udp,sv_P2
38144,udp,sv_P4
1936,icmp,sv_P4
24364,tcp,email
41431,icmp,sv_P1
63836,udp,sv_P1
58688,tcp,sv_P1
22089,icmp,sv_P3
20848,udp,sv_P2
3608,icmp,sv_P2
30030,icmp,sv_P3
32344,icmp,sv_P1
42210,icmp,sv_P2
43342,udp,sv_P5
46894,icmp,email
8562,tcp,email
5541,icmp,sv_P5
46654,udp,sv_P2
58694,tcp,sv_P2
6343,icmp,email
36732,udp,sv_P4
33136,icmp,sv_P2
20344,icmp,sv_P5
5966,icmp,sv_P1
55222,icmp,email
28136,udp,sv_P5
27097,icmp,sv_P1
30716,udp,sv_P5
4718,tcp,sv_P5
21130,icmp,sv_P2
55560,udp,sv_P2
36445,icmp,email
26556,tcp,sv_P3
32535,icmp,sv_P3
10786,icmp,sv_P3
6010,icmp,sv_P4
6442,tcp,sv_P2
2328,tcp,sv_P1
36622,icmp,sv_P4
44373,icmp,email
22608,tcp,sv_P1
27504,icmp,sv_P4
60446,icmp,sv_P2
11180,udp,sv_P1
32255,tcp,sv_P5
27362,icmp,sv_P2
63132,tcp,sv_P3
58377,udp,email
13965,udp,sv_P2
29029,udp,sv_P1
16108,icmp,sv_P5
14975,tcp,sv_P2
10618,tcp,email
37234,tcp,sv_P4
31098,udp,sv_P3
51741,udp,email
4961,tcp,email
14901,icmp,sv_P3
55527,udp,sv_P4
4368,udp,sv_P5
31361,udp,sv_P5
40506,udp,sv_P4
57083,tcp,sv_P5
31489,tcp,sv_P4
45748,tcp,email
44942,udp,sv_P5
63031,tcp,sv_P3
3419,udp,sv_P2
27112,tcp,sv_P4
64955,tcp,sv_P2
15937,icmp,sv_P4
247,tcp,sv_P4
65284,tcp,sv_P4
64874,tcp,sv_P1
63886,icmp,sv_P1
3992,tcp,sv_P2
43216,icmp,sv_P1
59340,tcp,sv_P2
55895,icmp,sv_P3
22171,icmp,sv_P4
50158,udp,sv_P4
9666,icmp,sv_P2
59128,tcp,email
47127,udp,email
39682,udp,sv_P3
47348,udp,sv_P5
54262,tcp,sv_P4
42628,icmp,email
28779,icmp,email
38458,icmp,sv_P5
58671,udp,sv_P2
5157,icmp,sv_P5
61160,tcp,email
3193,udp,email
26246,tcp,sv_P4
2375,icmp,sv_P1
36424,udp,sv_P3
504,tcp,sv_P4
4445,udp,sv_P1
1938,tcp,sv_P3
21668,udp,sv_P3
57204,tcp,sv_P1
12296,udp,sv_P1
9886,icmp,sv_P1
14451,udp,email
5570,tcp,sv_P5
6097,udp,sv_P5
57511,icmp,sv_P5
42383,icmp,email
4437,tcp,sv_P3
63514,icmp,sv_P4
28312,tcp,sv_P5
61168,icmp,sv_P5
3033,icmp,sv_P5
28215,udp,sv_P2
22553,tcp,email
21047,tcp,sv_P4
23126,udp,sv_P1
52842,tcp,sv_P1
2850,icmp,sv_P2
59614,icmp,sv_P3
22914,udp,sv_P5
57895,icmp,sv_P1
52621,icmp,sv_P4
48940,udp,email
8801,icmp,email
21197,icmp,sv_P5
6634,tcp,sv_P3
57605,udp,sv_P3
12977,icmp,sv_P5
26768,icmp,sv_P1
12008,udp,sv_P1
8536,icmp,sv_P4
18831,icmp,email
1298,tcp,sv_P1
57139,tcp,sv_P5
51422,tcp,sv_P3
33176,icmp,sv_P2
49067,udp,email
9507,icmp,sv_P5
21227,udp,sv_P4
36003,udp,email
37126,udp,sv_P2
285,tcp,sv_P5
11238,tcp,sv_P3
61434,tcp,sv_P4
56829,icmp,email
38021,icmp,sv_P3
7170,tcp,sv_P4
18258,tcp,sv_P4
14987,udp,sv_P4
55566,icmp,sv_P1
17484,icmp,sv_P1
18455,icmp,sv_P5
62740,udp,sv_P4
60191,icmp,sv_P3
17097,udp,sv_P2
24905,tcp,sv_P2
38912,udp,sv_P2
14405,tcp,sv_P5
59974,icmp,sv_P1
46173,tcp,sv_P5
15915,udp,sv_P5
7095,tcp,sv_P2
6935,udp,sv_P4
14474,udp,email
8824,tcp,sv_P5
40684,icmp,sv_P5
40629,icmp,sv_P3
20864,icmp,email
56583,icmp,sv_P5
50515,tcp,sv_P3
32456,tcp,email
21320,udp,sv_P3
20594,tcp,email
41825,tcp,sv_P5
60230,tcp,sv_P4
31342,udp,email
34912,tcp,sv_P5
39228,udp,sv_P3
15816,udp,sv_P2
26791,icmp,email
8690,tcp,sv_P1
43388,tcp,sv_P4
53394,icmp,sv_P4
46195,icmp,sv_P1
1055,udp,sv_P4
60003,icmp,sv_P3
55962,tcp,sv_P2
37363,udp,email
47771,icmp,sv_P5
12533,tcp,email
13880,udp,email
64104,udp,sv_P5
46770,tcp,sv_P3
18666,icmp,sv_P4
46998,udp,sv_P2
43053,tcp,sv_P4
7174,tcp,sv_P2
4141,tcp,sv_P1
22573,udp,sv_P4
16938,udp,sv_P3
61740,tcp,sv_P1
40990,udp,email
57669,udp,sv_P2
22904,icmp,sv_P3
26229,tcp,sv_P5
51936,udp,sv_P2
44942,icmp,sv_P1
65114,tcp,sv_P1
62427,udp,email
53188,udp,sv_P2
21442,tcp,sv_P2
4794,udp,sv_P4
30909,tcp,sv_P3
38037,udp,sv_P5
34572,icmp,sv_P3
48883,tcp,sv_P1
56065,udp,sv_P2
15692,udp,sv_P2
34111,udp,sv_P3
32001,icmp,sv_P1
8369,udp,sv_P5
25481,icmp,sv_P4
25759,tcp,sv_P1
20558,tcp,sv_P1
8625,tcp,sv_P3
44731,icmp,sv_P5
12667,icmp,sv_P5
6313,tcp,sv_P3
24114,icmp,sv_P1
14411,tcp,email
52592,tcp,email
58230,udp,email
30555,tcp,sv_P4
47410,icmp,sv_P3
62590,tcp,sv_P1
48913,udp,sv_P5
15845,icmp,sv_P4
7046,tcp,sv_P3
53692,tcp,sv_P1
18344,tcp,sv_P1
54268,udp,sv_P1
61770,udp,sv_P3
20584,icmp,email
22701,icmp,sv_P1
2757,tcp,sv_P4
7971,icmp,sv_P1
2116,tcp,sv_P5
29962,tcp,email
60561,icmp,sv_P4
60746,udp,email
21231,udp,sv_P4
28317,tcp,sv_P1
49589,udp,email
42392,tcp,sv_P3
13880,icmp,sv_P1
39904,udp,sv_P2
56644,udp,sv_P4
55283,tcp,sv_P1
64993,icmp,sv_P3
3757,icmp,sv_P5
19509,tcp,sv_P3
29718,tcp,sv_P5
38545,udp,sv_P3
21139,udp,sv_P4
16513,icmp,sv_P1
39843,icmp,email
63735,icmp,email
64188,tcp,sv_P3
15953,udp,sv_P1
18410,icmp,email
61055,tcp,sv_P3
17659,udp,email
5495,tcp,sv_P2
47381,icmp,sv_P5
24338,tcp,sv_P2
1256,icmp,sv_P5
61998,tcp,sv_P1
13931,udp,sv_P2
37587,udp,sv_P5
6681,icmp,sv_P1
29692,icmp,sv_P1
3939,icmp,sv_P3
62902,tcp,sv_P3
58364,tcp,sv_P2
42142,tcp,sv_P5
25852,icmp,sv_P1
27872,tcp,email
29956,tcp,sv_P3
25978,icmp,sv_P5
6456,icmp,sv_P1
8648,tcp,sv_P4
5673,icmp,sv_P1
7990,udp,sv_P5
49471,udp,sv_P3
64542,icmp,email
48268,udp,sv_P2
45451,icmp,sv_P1
23920,icmp,sv_P1
44525,icmp,sv_P5
37986,tcp,sv_P3
2503,tcp,email
35563,udp,sv_P1
50906,tcp,sv_P4
19053,tcp,sv_P5
9121,udp,sv_P3
45084,icmp,sv_P3
20593,udp,sv_P1
25227,udp,sv_P4
31552,tcp,sv_P5
22755,udp,sv_P1
1354,tcp,sv_P3
29595,icmp,email
1583,udp,sv_P3
32024,udp,sv_P5
22770,udp,sv_P2
57989,icmp,sv_P4
16635,tcp,sv_P4
20349,icmp,sv_P3
48051,tcp,sv_P3
14418,tcp,sv_P5
3633,tcp,sv_P5
40692,icmp,sv_P1
3252,udp,sv_P2
59794,tcp,sv_P1
58252,icmp,sv_P3
812,udp,sv_P5
13017,udp,sv_P4
24779,udp,email
35,udp,sv_P3
31575,udp,sv_P3
5667,udp,sv_P5
53499,udp,sv_P4
44580,icmp,sv_P5
14612,tcp,sv_P5
22221,tcp,sv_P2
51000,udp,sv_P5
61467,udp,sv_P3
42469,udp,sv_P1
23103,icmp,sv_P4
46137,udp,sv_P5
57317,icmp,sv_P4
49786,icmp,email
34653,tcp,sv_P2
31787,icmp,sv_P4
30182,icmp,sv_P3
62621,tcp,sv_P5
14503,icmp,sv_P1
42415,udp,sv_P2
4,udp,email
17357,udp,sv_P4
34415,icmp,sv_P5
29786,icmp,sv_P3
18870,tcp,sv_P4
54861,tcp,sv_P2
59950,tcp,email
41342,udp,sv_P5
32603,icmp,sv_P3
49703,tcp,sv_P4
45661,icmp,sv_P4
30737,udp,sv_P4
17787,icmp,sv_P4
18525,udp,sv_P5
21679,udp,sv_P5
59671,udp,sv_P3
12671,icmp,email
40347,udp,sv_P3
15733,icmp,sv_P3
59574,icmp,sv_P2
59671,tcp,email
39540,tcp,sv_P2
61962,icmp,email
9636,udp,sv_P4
65358,icmp,sv_P3
21129,tcp,sv_P5
56329,udp,sv_P4
55993,icmp,sv_P1
8701,icmp,sv_P2
4783,tcp,sv_P3
1224,tcp,sv_P1
65,icmp,sv_P1
36238,icmp,sv_P2
46232,udp,sv_P2
10998,icmp,sv_P3
25727,udp,email
1833,tcp,sv_P3
6338,icmp,sv_P3
38647,tcp,sv_P5
62738,udp,sv_P2
21116,tcp,sv_P2
480,udp,email
28919,udp,sv_P5
63845,icmp,sv_P4
10115,icmp,sv_P5
36640,icmp,email
24246,udp,sv_P2
54159,udp,sv_P4
19682,udp,sv_P3
4644,udp,sv_P5
28528,icmp,sv_P1
62859,udp,email
50434,icmp,sv_P4
43220,tcp,sv_P5
35203,icmp,sv_P4
21604,tcp,sv_P5
63795,icmp,sv_P2
15449,icmp,sv_P4
10240,udp,email
45874,icmp,sv_P2
16311,udp,sv_P3
44325,icmp,sv_P2
39979,udp,sv_P4
46806,tcp,sv_P3
16202,udp,sv_P2
10951,tcp,sv_P5
22887,udp,sv_P2
24795,tcp,sv_P1
12259,icmp,sv_P1
27748,tcp,email
1713,icmp,sv_P3
17191,udp,sv_P3
9126,tcp,sv_P3
16686,icmp,sv_P3
55338,tcp,sv_P1
16478,tcp,sv_P5
63424,tcp,sv_P1
51498,tcp,sv_P4
6944,udp,sv_P1
7218,icmp,sv_P3
25978,udp,sv_P2
1305,icmp,sv_P3
47569,udp,email
18583,udp,sv_P2
52279,icmp,sv_P2
1913,udp,sv_P3
41414,tcp,sv_P1
999,icmp,email
52097,tcp,sv_P1
29056,udp,email
27718,tcp,sv_P3
21716,udp,sv_P2
55105,tcp,email
42084,tcp,sv_P2
24806,icmp,sv_P3
14595,udp,sv_P1
9429,udp,sv_P1
49358,udp,sv_P5
29584,tcp,sv_P2
21236,udp,sv_P1
62952,tcp,email
7356,tcp,sv_P5
53205,udp,sv_P5
18661,icmp,sv_P5
46860,tcp,sv_P5
8233,udp,email
22816,icmp,email
31868,icmp,sv_P5
48410,tcp,sv_P3
31265,tcp,sv_P4
4591,udp,sv_P1
45341,udp,sv_P3
57717,icmp,sv_P3
57884,udp,sv_P5
48169,udp,sv_P5
15652,udp,sv_P2
59025,udp,sv_P4
4838,tcp,sv_P2
33830,tcp,sv_P1
64182,icmp,sv_P5
49300,udp,sv_P5
39402,udp,sv_P3
48847,tcp,sv_P2
6602,tcp,sv_P5
59819,udp,sv_P4
24640,icmp,sv_P3
5372,tcp,sv_P5
13104,icmp,sv_P3
48400,tcp,sv_P3
8343,icmp,sv_P2
63739,tcp,email
18591,tcp,sv_P2
30101,udp,email
32078,udp,email
53246,tcp,sv_P1
50365,icmp,sv_P3
50336,icmp,email
33357,udp,email
19566,udp,sv_P2
14777,tcp,sv_P2
2181,icmp,sv_P3
17429,tcp,email
6550,icmp,sv_P5
46626,udp,sv_P5
47389,tcp,sv_P5
61473,udp,email
45657,udp,sv_P4
37370,tcp,sv_P3
16358,udp,sv_P5
44053,tcp,sv_P5
45815,udp,sv_P4
59766,tcp,email
276,udp,sv_P1
12951,icmp,email
37674,icmp,email
41514,tcp,sv_P3
60020,icmp,sv_P3
51372,tcp,sv_P5
47125,udp,sv_P3
36488,udp,sv_P5
56211,icmp,email
4419,icmp,sv_P3
5314,udp,sv_P5
13039,icmp,sv_P2
1312,udp,email
21598,tcp,email
45678,icmp,sv_P5
46715,tcp,sv_P2
4807,udp,email
51374,tcp,sv_P2
20188,icmp,sv_P4
12745,udp,sv_P5
12691,tcp,sv_P1
36939,udp,sv_P1
20310,tcp,sv_P5
44303,icmp,sv_P1
51557,tcp,sv_P2
55024,tcp,sv_P5
806,icmp,email
56783,icmp,sv_P1
42833,icmp,email
54371,tcp,email
26353,udp,email
31171,icmp,sv_P5
23271,udp,sv_P1
3480,udp,sv_P5
8538,tcp,sv_P5
29742,tcp,sv_P2
63443,icmp,sv_P1
61789,tcp,sv_P2
63093,tcp,sv_P1
4603,udp,sv_P1
8879,udp,sv_P3
36848,tcp,email
12163,tcp,sv_P1
63982,udp,sv_P4
1144,icmp,sv_P2
56936,udp,sv_P1
39731,udp,sv_P1
950,icmp,sv_P4
43900,icmp,email
35801,udp,sv_P5
10543,tcp,sv_P2
61617,udp,sv_P1
40533,tcp,sv_P4
48465,tcp,sv_P2
52205,tcp,sv_P1
11598,tcp,sv_P4
48492,icmp,sv_P4
42798,tcp,sv_P5
50346,icmp,email
8961,tcp,sv_P4
56191,tcp,sv_P4
21346,tcp,email
36776,udp,sv_P2
32386,udp,sv_P1
15495,tcp,sv_P3
39911,udp,sv_P2
2618,icmp,email
48787,icmp,email
11104,udp,sv_P4
51730,icmp,sv_P5
6475,tcp,email
10514,icmp,sv_P2
9161,tcp,sv_P4
481,icmp,email
21266,icmp,sv_P2
43459,tcp,sv_P5
54166,tcp,sv_P1
24675,tcp,sv_P1
53479,tcp,sv_P4
3413,icmp,sv_P4
29648,tcp,sv_P4
33499,udp,sv_P4
3227,udp,sv_P4
46452,icmp,sv_P3
4851,icmp,sv_P3
18858,udp,sv_P5
1790,udp,sv_P4
34207,icmp,sv_P2
23734,udp,sv_P3
26969,icmp,sv_P5
40328,udp,sv_P2
27224,tcp,email
11490,udp,sv_P2
9527,udp,sv_P4
54577,tcp,sv_P4
58555,tcp,sv_P4
2367,udp,sv_P3
52875,tcp,sv_P5
26012,tcp,sv_P5
1180,tcp,sv_P3
14218,tcp,email
33313,tcp,sv_P1
17271,udp,sv_P3
20525,tcp,sv_P1
23956,icmp,sv_P1
30669,tcp,sv_P3
18499,tcp,sv_P5
44361,udp,sv_P5
14487,udp,sv_P1
64608,icmp,sv_P3
40340,tcp,sv_P5
27952,tcp,sv_P4
54436,tcp,sv_P1
45135,udp,sv_P4
14571,udp,sv_P3
58983,tcp,sv_P4
53591,udp,sv_P3
26267,icmp,sv_P3
56956,tcp,sv_P5
3768,udp,sv_P4
36978,tcp,sv_P3
16055,icmp,sv_P3
11170,icmp,sv_P1
12458,tcp,sv_P4
26854,udp,sv_P3
12166,tcp,sv_P3
13506,tcp,sv_P4
18839,udp,email
23982,tcp,sv_P2
25687,icmp,sv_P1
53540,udp,sv_P1
38634,udp,sv_P1
38226,udp,sv_P2
48186,tcp,sv_P1
40802,tcp,sv_P3
14488,udp,email
3019,udp,email
50090,udp,sv_P2
12431,tcp,sv_P4
49209,tcp,sv_P3
17979,icmp,sv_P3
60087,icmp,sv_P5
12792,tcp,sv_P5
62339,udp,sv_P5
56831,icmp,email
45471,icmp,sv_P1
36745,udp,email
64335,tcp,sv_P3
12450,icmp,sv_P2
51195,tcp,sv_P4
27069,tcp,sv_P5
33471,tcp,sv_P1
19520,tcp,email
11622,tcp,sv_P4
55225,icmp,email
38152,icmp,sv_P4
34841,tcp,email
44388,tcp,sv_P3
64620,tcp,sv_P4
61173,icmp,sv_P3
37051,udp,sv_P5
14886,udp,sv_P3
28571,tcp,sv_P4
8365,udp,sv_P5
48751,icmp,email
1353,icmp,sv_P4
47465,icmp,sv_P2
37557,icmp,sv_P5
22149,tcp,sv_P3
45953,udp,sv_P2
16616,icmp,sv_P3
58609,tcp,sv_P3
35926,icmp,sv_P2
60558,udp,sv_P1
38006,icmp,sv_P3
26684,udp,email
11201,tcp,sv_P4
37999,tcp,sv_P1
3528,icmp,sv_P1
8506,tcp,sv_P1
11505,tcp,sv_P2
63281,udp,sv_P2
39167,udp,email
11204,udp,sv_P4
38715,tcp,sv_P3
13768,icmp,sv_P1
60351,icmp,sv_P5
63083,icmp,sv_P1
5263,udp,sv_P2
42955,icmp,sv_P1
20805,tcp,sv_P5
9529,udp,sv_P5
7832,tcp,sv_P2
8978,icmp,sv_P5
47388,udp,email
998,udp,sv_P3
62694,icmp,email
8704,udp,sv_P2
10067,udp,sv_P3
21301,udp,sv_P4
50979,icmp,sv_P3
2984,tcp,sv_P3
58037,tcp,sv_P5
49030,tcp,sv_P4
54594,tcp,email
61768,tcp,email
55102,udp,sv_P3
25688,icmp,sv_P4
22712,udp,sv_P5
58533,icmp,sv_P3
3784,udp,sv_P4
20095,udp,email
40895,tcp,sv_P5
18100,tcp,email
27086,udp,sv_P5
17111,udp,sv_P1
43876,tcp,sv_P4
17497,tcp,sv_P3
53142,udp,sv_P2
44488,icmp,email
20335,icmp,email
28446,icmp,sv_P3
10581,udp,sv_P2
18506,icmp,sv_P3
24638,udp,sv_P1
19843,tcp,email
59170,tcp,sv_P5
43022,icmp,sv_P2
63177,icmp,sv_P2
2976,udp,sv_P3
20643,tcp,email
36476,tcp,sv_P5
12520,icmp,sv_P4
39169,udp,email
5322,tcp,sv_P1
15978,tcp,sv_P4
40930,tcp,sv_P2
59981,tcp,sv_P1
52126,udp,sv_P4
53676,icmp,email
35913,udp,sv_P3
24599,icmp,sv_P2
61676,icmp,sv_P2
52871,udp,email
38466,udp,sv_P1
38335,udp,sv_P2
19617,tcp,sv_P5
43141,tcp,email
24872,tcp,sv_P1
57868,tcp,sv_P2
47861,tcp,sv_P2
57099,icmp,sv_P4
23086,tcp,sv_P4
64487,icmp,sv_P5
5056,icmp,sv_P5
62709,icmp,sv_P1
36364,icmp,sv_P1
5172,icmp,sv_P4
51531,udp,sv_P2
22567,tcp,sv_P2
21264,udp,sv_P1
37390,tcp,email
50907,udp,sv_P5
40397,udp,sv_P5
63082,icmp,sv_P3
46167,udp,sv_P1
26783,udp,sv_P1
61083,udp,sv_P4
26712,tcp,sv_P1
21748,tcp,sv_P5
19767,udp,sv_P2
8556,tcp,sv_P4
4956,tcp,sv_P1
50949,tcp,sv_P1
28042,icmp,sv_P4
40144,icmp,sv_P4
12819,udp,email
18108,icmp,sv_P3
42423,tcp,sv_P2
19549,icmp,sv_P2
48147,icmp,sv_P4
48098,icmp,sv_P2
36276,icmp,sv_P4
59648,udp,sv_P3
39457,tcp,sv_P4
64074,udp,sv_P3
30850,tcp,sv_P3
16727,tcp,sv_P5
8150,udp,sv_P2
28895,udp,sv_P1
25938,tcp,sv_P4
10977,udp,sv_P3
34609,udp,sv_P2
10456,udp,email
53146,udp,sv_P2
19296,tcp,sv_P3
43784,tcp,sv_P1
35037,icmp,sv_P3
23118,icmp,sv_P4
27311,icmp,sv_P2
56538,udp,sv_P2
40493,tcp,sv_P4
43252,udp,email
3354,udp,sv_P1
8844,icmp,email
43475,icmp,sv_P2
48480,icmp,sv_P5
54708,icmp,sv_P1
34245,udp,sv_P3
1152,tcp,sv_P4
38164,tcp,sv_P4
42631,udp,sv_P4
49545,icmp,sv_P1
36578,udp,sv_P5
44375,tcp,sv_P5
42919,icmp,sv_P3
40102,icmp,sv_P5
64372,tcp,sv_P2
51308,udp,sv_P1
52964,icmp,sv_P4
49356,udp,sv_P1
48968,icmp,sv_P5
21460,icmp,sv_P5
53864,tcp,sv_P2
2207,icmp,sv_P5
21329,tcp,email
62083,tcp,sv_P2
17619,icmp,sv_P3
32942,tcp,sv_P3
49276,udp,email
14238,icmp,sv_P3
26769,tcp,sv_P2
27051,icmp,sv_P3
4026,tcp,sv_P1
48124,udp,sv_P3
44147,icmp,email
34175,icmp,email
44374,icmp,email
7422,icmp,sv_P3
27658,tcp,email
24835,udp,email
2964,icmp,sv_P4
5862,udp,sv_P3
62613,icmp,sv_P2
51128,tcp,sv_P1
53661,icmp,sv_P4
6593,tcp,sv_P4
7399,icmp,sv_P2
65315,tcp,sv_P3
2206,icmp,email
34333,tcp,sv_P1
8418,tcp,sv_P3
17001,icmp,sv_P5
40454,icmp,sv_P5
35094,icmp,sv_P4
18949,icmp,sv_P2
31471,tcp,sv_P3
33600,tcp,sv_P2
13385,icmp,email
28263,udp,sv_P3
56,udp,sv_P1
21746,tcp,sv_P1
23360,udp,email
16875,udp,sv_P2
45692,udp,sv_P3
15264,icmp,sv_P5
49289,tcp,email
30679,tcp,sv_P4
48065,icmp,sv_P2
11684,udp,sv_P1
60700,tcp,sv_P3
55886,tcp,sv_P2
7006,icmp,sv_P3
64719,icmp,sv_P1
9035,icmp,email
34414,udp,sv_P3
59021,tcp,sv_P4
33480,tcp,sv_P1
55824,udp,email
61611,icmp,sv_P1
55078,udp,sv_P2
42135,icmp,sv_P1
11815,icmp,sv_P4
17080,udp,sv_P1
39254,tcp,sv_P5
32723,icmp,sv_P5
26240,tcp,sv_P3
52262,tcp,sv_P3
36953,tcp,email
9596,icmp,sv_P4
36728,udp,sv_P1
5024,tcp,sv_P3
18711,tcp,sv_P5
63204,udp,sv_P3
50763,icmp,email
65524,udp,sv_P4
18721,icmp,sv_P1
22360,tcp,sv_P3
58880,udp,sv_P5
37623,tcp,sv_P4
57042,icmp,email
26911,udp,sv_P4
52803,udp,sv_P5
42280,tcp,sv_P2
59810,tcp,sv_P1
36556,tcp,email
5762,icmp,sv_P2
60843,tcp,sv_P4
47926,icmp,sv_P1
48443,udp,sv_P1
18102,icmp,sv_P2
33796,udp,email
23992,udp,sv_P5
61732,tcp,sv_P2
57503,icmp,email
6992,icmp,sv_P5
3717,udp,sv_P1
41018,udp,sv_P3
34594,udp,sv_P3
33619,tcp,sv_P4
64614,udp,sv_P4
9672,icmp,sv_P5
46934,tcp,sv_P5
42710,icmp,sv_P4
65501,icmp,sv_P4
25228,udp,sv_P2
63632,udp,sv_P5
38152,tcp,sv_P5
3042,icmp,sv_P4
62182,icmp,sv_P5
34612,tcp,sv_P1
50093,udp,sv_P4
9720,tcp,sv_P5
27187,icmp,sv_P3
47416,tcp,sv_P3
34014,tcp,sv_P4
18601,icmp,sv_P3
3333,udp,sv_P4
33349,udp,sv_P5
13798,udp,sv_P2
32186,icmp,sv_P3
34410,tcp,email
33881,tcp,sv_P4
24975,udp,sv_P4
28727,tcp,sv_P3
56300,tcp,sv_P1
39453,udp,sv_P5
62333,icmp,sv_P4
36356,tcp,email
9282,icmp,sv_P3
46644,icmp,sv_P2
60929,tcp,email
33094,icmp,sv_P2
59541,icmp,sv_P2
4790,udp,email
57834,icmp,sv_P5
51418,tcp,sv_P5
40200,tcp,sv_P5
45857,udp,sv_P3
29369,udp,sv_P3
55393,icmp,sv_P5
40577,udp,sv_P4
37468,tcp,sv_P2
24278,tcp,sv_P3
21120,icmp,sv_P5
63105,tcp,email
41075,tcp,email
34387,icmp,sv_P2
9528,icmp,sv_P3
39085,udp,email
9828,tcp,email
1880,icmp,email
23221,udp,sv_P5
13438,tcp,sv_P3
38711,tcp,sv_P3
42202,icmp,sv_P2
18656,udp,sv_P3
47119,icmp,sv_P2
9628,udp,sv_P5
65049,tcp,sv_P4
36451,icmp,sv_P4
27143,icmp,email
31365,udp,sv_P2
16052,tcp,sv_P2
38380,udp,sv_P1
53119,tcp,email
37653,tcp,sv_P4
53229,udp,sv_P2
26985,udp,sv_P2
28746,icmp,sv_P3
18933,icmp,sv_P5
21985,tcp,sv_P5
12880,tcp,sv_P1
41672,udp,sv_P4
15428,icmp,sv_P3
17561,udp,email
45653,tcp,sv_P1
26011,tcp,email
60716,icmp,sv_P2
36015,tcp,email
29610,udp,sv_P5
4527,tcp,sv_P2
10966,udp,sv_P4
37190,icmp,sv_P4
46762,tcp,sv_P1
58977,udp,email
40763,icmp,sv_P5
50119,icmp,sv_P3
63293,udp,sv_P5
8917,udp,email
60345,udp,sv_P3
41462,tcp,email
32845,udp,sv_P5
38549,icmp,sv_P3
33718,icmp,sv_P1
58161,tcp,sv_P3
29641,tcp,sv_P3
64442,tcp,sv_P2
40592,udp,email
64091,icmp,sv_P5
632,icmp,sv_P2
275,udp,sv_P2
49320,tcp,sv_P5
24670,tcp,sv_P2
35510,tcp,sv_P1
53699,tcp,sv_P5
22367,tcp,sv_P3
52869,udp,sv_P5
25361,tcp,email
54686,udp,sv_P4
59046,tcp,email
65060,udp,sv_P3
63264,icmp,sv_P4
26364,udp,sv_P2
22389,udp,sv_P5
50866,icmp,sv_P2
61963,tcp,email
35832,udp,sv_P5
39977,udp,sv_P2
41100,udp,sv_P3
48590,icmp,sv_P5
13781,udp,sv_P3
9158,icmp,sv_P4
19096,tcp,email
9632,udp,sv_P5
11307,udp,sv_P5
43935,udp,sv_P5
17192,tcp,sv_P4
53870,icmp,sv_P4
10107,udp,sv_P1
21193,tcp,sv_P5
55793,udp,email
43856,icmp,sv_P3
56451,tcp,sv_P2
21228,tcp,email
37944,udp,sv_P4
59416,tcp,sv_P3
31864,icmp,email
1336,udp,sv_P1
19378,tcp,sv_P4
40544,tcp,email
60479,tcp,sv_P3
25644,tcp,sv_P4
17426,udp,sv_P5
40600,tcp,email
21643,tcp,sv_P1
33538,tcp,sv_P2
51481,udp,sv_P2
33941,icmp,sv_P2
40283,icmp,email
23416,udp,sv_P4
9888,tcp,sv_P2
2176,tcp,sv_P4
1546,tcp,email
51260,tcp,sv_P5
28242,udp,sv_P1
62417,icmp,sv_P3
19232,udp,email
27315,icmp,email
62259,tcp,sv_P3
7029,udp,sv_P2
26626,tcp,email
21851,udp,email
57638,tcp,sv_P2
20062,tcp,sv_P4
48118,icmp,sv_P3
4603,icmp,sv_P4
18758,icmp,sv_P3
9194,tcp,sv_P5
33767,udp,email
26042,tcp,sv_P3
31490,icmp,email
5895,udp,sv_P5
57948,icmp,sv_P4
46905,tcp,sv_P1
14790,icmp,email
51243,udp,sv_P2
47756,udp,sv_P5
7373,icmp,sv_P5
4113,tcp,sv_P3
51841,tcp,sv_P5
45864,tcp,sv_P2
25782,tcp,sv_P3
26323,udp,sv_P2
17118,icmp,sv_P2
41764,tcp,sv_P1
15653,icmp,sv_P3
17563,udp,sv_P4
1304,icmp,sv_P5
48561,udp,email
57718,udp,sv_P3
48747,icmp,sv_P5
12993,icmp,email
53293,icmp,email
63316,udp,sv_P5
19770,icmp,sv_P1
59679,icmp,sv_P2
39933,icmp,sv_P3
55851,tcp,sv_P3
62818,udp,sv_P5
27195,tcp,sv_P1
28370,tcp,sv_P1
47862,udp,sv_P4
39896,icmp,sv_P5
40036,tcp,sv_P1
49684,udp,email
62369,udp,sv_P4
7016,tcp,sv_P3
1411,tcp,sv_P1
24505,tcp,sv_P2
10885,tcp,sv_P2
8408,icmp,sv_P2
48813,udp,sv_P3
41511,tcp,sv_P3
59964,tcp,sv_P4
3910,udp,sv_P2
44716,tcp,sv_P2
35767,icmp,sv_P5
25113,icmp,sv_P5
20472,icmp,sv_P1
56883,udp,email
2181,tcp,email
19390,tcp,email
7593,udp,sv_P4
65057,icmp,sv_P2
13402,tcp,sv_P5
41347,tcp,sv_P1
8062,tcp,sv_P3
61277,icmp,sv_P1
40438,tcp,sv_P2
17585,icmp,sv_P5
13818,tcp,sv_P4
1572,tcp,email
4200,udp,sv_P5
60292,icmp,sv_P3
61266,icmp,sv_P5
59993,icmp,sv_P4
10551,udp,sv_P2
38565,tcp,sv_P1
16318,udp,email
53914,icmp,email
20565,tcp,sv_P4
62741,udp,sv_P1
26270,tcp,sv_P2
50943,udp,sv_P2
2282,icmp,email
64497,tcp,sv_P5
62735,udp,sv_P4
19902,tcp,sv_P5
12693,udp,sv_P5
325,udp,sv_P1
34177,tcp,email
53154,tcp,sv_P2
11752,udp,sv_P1
61945,udp,email
51283,udp,email
47289,udp,sv_P4
21146,icmp,sv_P2
44451,tcp,sv_P4
33561,tcp,sv_P1
7501,udp,sv_P3
56827,tcp,email
57953,udp,sv_P5
24910,icmp,email
44483,icmp,sv_P3
22612,icmp,sv_P5
60365,udp,sv_P2
18272,udp,sv_P3
45299,tcp,email
45715,udp,sv_P4
39469,udp,sv_P2
846,icmp,sv_P4
47787,icmp,email
5005,icmp,sv_P2
25635,udp,sv_P4
51688,udp,sv_P1
17104,icmp,email
50726,icmp,sv_P2
35625,icmp,sv_P2
8436,icmp,sv_P5
27367,tcp,sv_P2
549,tcp,email
19467,tcp,sv_P4
19762,udp,sv_P1
30577,tcp,sv_P4
3038,icmp,sv_P5
44974,icmp,email
55972,icmp,sv_P2
54607,udp,email
238,tcp,sv_P1
13129,tcp,sv_P2
53089,tcp,sv_P1
50823,tcp,email
49085,icmp,sv_P3
1869,tcp,sv_P3
64033,udp,sv_P2
24524,tcp,sv_P3
60315,tcp,sv_P2
30697,tcp,sv_P3
6492,udp,sv_P2
60000,tcp,sv_P2
36197,tcp,email
26829,tcp,sv_P2
16787,tcp,sv_P1
39525,udp,sv_P2
36099,udp,sv_P1
2901,tcp,sv_P3
2494,tcp,sv_P4
54351,udp,email
59587,icmp,sv_P4
11399,udp,sv_P4
5046,udp,sv_P2
5643,tcp,email
11128,udp,sv_P3
51913,udp,sv_P2
60821,tcp,sv_P4
15651,icmp,sv_P4
35481,icmp,sv_P2
61711,udp,sv_P1
28004,icmp,email
46483,udp,sv_P4
44715,icmp,sv_P4
3435,icmp,sv_P4
30209,icmp,email
7019,tcp,sv_P3
49465,icmp,sv_P2
22705,tcp,sv_P5
58513,icmp,sv_P4
28128,udp,sv_P2
43591,icmp,sv_P4
20381,icmp,email
64479,udp,sv_P3
27093,tcp,sv_P4
27294,tcp,sv_P1
31472,tcp,sv_P2
8784,tcp,sv_P4
7850,icmp,sv_P3
18809,udp,sv_P2
53388,icmp,sv_P5
64818,icmp,sv_P4
56374,icmp,sv_P3
18660,tcp,sv_P4
4815,udp,sv_P3
50720,icmp,sv_P1
28853,icmp,sv_P3
25059,udp,sv_P2
58811,udp,sv_P1
31767,tcp,email
2353,tcp,sv_P1
55337,tcp,sv_P2
13386,udp,sv_P3
65160,tcp,sv_P3
31327,udp,sv_P2
12853,udp,sv_P5
26217,tcp,sv_P3
42355,icmp,sv_P2
37041,tcp,sv_P4
39043,tcp,sv_P5
47170,tcp,email
42313,icmp,sv_P4
61674,tcp,sv_P4
15219,icmp,sv_P1
22966,tcp,sv_P2
54170,udp,sv_P3
54723,udp,sv_P3
32097,udp,sv_P3
25490,icmp,email
14034,icmp,sv_P5
57473,udp,sv_P5
28565,tcp,sv_P1
23410,icmp,sv_P3
21915,icmp,sv_P3
13729,icmp,email
44418,udp,sv_P5
36337,udp,sv_P1
49390,udp,email
24204,udp,sv_P4
63112,icmp,sv_P3
42923,tcp,sv_P4
11137,udp,sv_P1
55950,udp,email
14356,icmp,sv_P3
19916,tcp,sv_P2
49791,tcp,sv_P4
14363,tcp,sv_P1
51103,icmp,sv_P5
29594,tcp,email
37792,icmp,email
11841,udp,sv_P5
43962,tcp,email
50179,udp,sv_P3
57293,udp,sv_P2
18919,udp,sv_P5
9558,tcp,sv_P5
46594,udp,sv_P3
37095,tcp,sv_P3
8084,icmp,sv_P4
31126,udp,sv_P3
13724,icmp,sv_P3
46909,udp,sv_P5
28174,icmp,sv_P5
48648,udp,sv_P2
44709,tcp,sv_P5
35910,udp,sv_P5
46524,icmp,sv_P5
8077,tcp,sv_P4
38544,icmp,sv_P5
23206,tcp,sv_P3
34908,udp,sv_P5
60388,udp,sv_P5
11955,udp,sv_P5
57663,icmp,sv_P5
25794,icmp,sv_P3
10583,tcp,sv_P5
21301,icmp,sv_P5
52759,udp,sv_P4
3593,icmp,sv_P4
4063,tcp,sv_P2
58309,udp,email
41490,tcp,sv_P5
31347,udp,sv_P1
12553,tcp,sv_P4
12143,icmp,sv_P2
48382,udp,sv_P3
61288,tcp,email
21629,icmp,sv_P5
34153,udp,sv_P2
9283,icmp,sv_P4
25351,icmp,sv_P1
17905,icmp,sv_P3
8707,icmp,email
8573,tcp,sv_P1
12292,udp,sv_P5
54122,tcp,sv_P4
65491,udp,sv_P1
43984,tcp,sv_P1
58089,tcp,sv_P1
9568,icmp,email
7394,tcp,sv_P3
4984,icmp,sv_P2
24390,icmp,email
47506,tcp,sv_P1
52139,icmp,sv_P5
48068,udp,sv_P4
36948,udp,email
57837,udp,sv_P3
61787,tcp,sv_P1
27713,icmp,sv_P1
20858,udp,sv_P1
10770,udp,sv_P5
2735,udp,sv_P4
6015,icmp,sv_P2
52551,icmp,sv_P4
64216,udp,sv_P2
29791,udp,sv_P1
57991,icmp,sv_P4
24434,icmp,sv_P3
7966,icmp,sv_P1
10994,icmp,sv_P1
31706,icmp,sv_P1
49696,icmp,sv_P4
6609,icmp,email
61214,icmp,sv_P3
25159,udp,sv_P4
2252,tcp,sv_P5
3490,icmp,sv_P1
34567,tcp,sv_P1
1115,udp,email
25965,tcp,sv_P2
46277,tcp,sv_P4
28773,icmp,sv_P4
23915,icmp,sv_P5
59061,udp,sv_P3
65446,icmp,sv_P4
31807,udp,sv_P2
17191,icmp,sv_P4
62264,tcp,sv_P3
18830,tcp,sv_P5
63101,udp,sv_P4
34182,icmp,sv_P2
11265,tcp,sv_P2
46815,tcp,email
35898,udp,email
47645,tcp,email
45142,icmp,sv_P2
19770,udp,sv_P5
57528,icmp,sv_P4
31154,icmp,sv_P5
38250,udp,sv_P2
34548,udp,sv_P3
57952,udp,sv_P4
20265,icmp,sv_P4
48611,tcp,email
32383,tcp,sv_P4
20058,icmp,sv_P3
6027,tcp,sv_P1
33270,tcp,sv_P4
64264,tcp,sv_P2
2526,tcp,sv_P2
37076,udp,sv_P1
31583,icmp,sv_P4
37892,udp,sv_P1
60603,tcp,email
5884,tcp,sv_P2
8094,udp,sv_P4
50968,tcp,sv_P3
11293,udp,sv_P5
33422,udp,email
65261,udp,email
8424,udp,sv_P4
12031,udp,sv_P5
11849,udp,sv_P4
52252,udp,email
3894,tcp,sv_P2
48892,udp,sv_P3
15804,udp,email
17054,udp,sv_P5
54301,icmp,sv_P4
41375,udp,sv_P3
41458,udp,sv_P2
62126,udp,sv_P5
5663,icmp,sv_P1
38429,icmp,sv_P4
12221,udp,sv_P2
1705,tcp,sv_P3
52747,icmp,sv_P1
5664,udp,sv_P1
37615,udp,sv_P3
60716,udp,email
39793,udp,email
46715,icmp,sv_P5
8395,icmp,sv_P2
52674,tcp,sv_P4
52864,icmp,sv_P2
59328,udp,sv_P3
63201,tcp,sv_P2
62405,icmp,email
37235,icmp,email
59571,tcp,sv_P2
37857,udp,sv_P4
53128,tcp,sv_P1
21558,tcp,sv_P3
25700,icmp,sv_P4
56294,icmp,sv_P5
37112,icmp,sv_P5
19844,icmp,sv_P2
10347,udp,sv_P3
12204,tcp,sv_P4
49226,tcp,sv_P3
48538,tcp,sv_P2
47562,icmp,sv_P5
67,tcp,sv_P4
184,tcp,email
60085,icmp,sv_P1
61360,tcp,sv_P4
49234,icmp,sv_P3
16685,icmp,email
58298,udp,sv_P1
49968,tcp,sv_P3
53415,udp,sv_P2
41953,icmp,email
14994,udp,sv_P1
43063,tcp,sv_P3
56192,tcp,sv_P3
34088,tcp,sv_P1
12382,icmp,sv_P1
57687,udp,sv_P2
21071,udp,sv_P3
32586,udp,sv_P1
7235,tcp,sv_P5
15711,tcp,sv_P1
38656,icmp,email
57156,icmp,sv_P3
11831,icmp,sv_P4
36740,tcp,sv_P3
6174,udp,sv_P1
63725,tcp,sv_P4
34400,udp,sv_P4
34341,udp,email
17407,udp,sv_P1
6480,icmp,sv_P5
25856,tcp,sv_P1
63657,icmp,sv_P2
39344,udp,sv_P4
7917,udp,sv_P2
10211,icmp,sv_P2
48070,udp,sv_P2
36134,udp,sv_P4
39574,icmp,sv_P3
34377,tcp,email
59799,udp,sv_P5
6968,udp,sv_P3
6129,icmp,sv_P4
28546,tcp,sv_P5
18977,icmp,sv_P3
47697,icmp,sv_P4
49737,udp,sv_P1
9852,udp,sv_P4
21070,icmp,sv_P1
23333,icmp,email
2611,icmp,sv_P1
18162,tcp,sv_P1
40384,icmp,sv_P4
46732,tcp,sv_P2
12102,udp,sv_P1
31107,icmp,sv_P3
7434,tcp,sv_P5
49248,tcp,sv_P3
20789,icmp,sv_P4
61961,tcp,email
15865,udp,sv_P1
44798,udp,sv_P3
9470,udp,email
9136,udp,email
27443,tcp,sv_P5
33439,icmp,sv_P2
11906,icmp,sv_P1
21853,tcp,sv_P1
19214,udp,sv_P4
5652,icmp,email
37140,tcp,sv_P1
45046,tcp,sv_P1
21724,tcp,email
65300,udp,sv_P3
88,tcp,sv_P3
61967,icmp,sv_P3
49666,udp,sv_P2
43241,icmp,sv_P4
3170,icmp,sv_P2
44671,tcp,sv_P2
41615,tcp,sv_P2
25154,udp,sv_P5
22806,icmp,sv_P3
36702,udp,sv_P4
4986,icmp,sv_P1
61882,tcp,sv_P4
64248,tcp,email
8651,tcp,email
4477,tcp,sv_P1
18568,tcp,sv_P4
64744,tcp,sv_P2
41272,tcp,sv_P5
60380,udp,sv_P3
59086,udp,sv_P4
21829,icmp,sv_P4
12044,tcp,sv_P2
13029,icmp,sv_P5
11751,udp,email
64152,icmp,sv_P1
59347,udp,sv_P5
13969,udp,sv_P5
63812,udp,sv_P5
16320,udp,sv_P1
6524,icmp,sv_P4
54500,udp,sv_P4
15529,icmp,sv_P1
42537,icmp,sv_P3
51242,icmp,sv_P2
8389,tcp,sv_P5
55083,tcp,sv_P1
42382,icmp,sv_P3
61026,icmp,sv_P1
42165,icmp,sv_P3
52270,icmp,sv_P3
15557,tcp,email
29403,tcp,sv_P2
61725,icmp,email
29835,tcp,sv_P2
35179,tcp,sv_P1
1569,udp,sv_P4
18690,tcp,sv_P3
2509,tcp,sv_P5
6501,udp,sv_P2
19676,tcp,sv_P5
23871,tcp,sv_P5
58693,icmp,sv_P4
38550,tcp,sv_P3
56444,tcp,sv_P2
64825,icmp,sv_P4
30402,udp,sv_P3
11565,udp,sv_P5
54638,icmp,sv_P1
8359,tcp,sv_P1
37350,tcp,sv_P5
14781,tcp,sv_P3
61664,tcp,sv_P1
63178,tcp,email
55057,tcp,sv_P4
54099,tcp,sv_P1
62792,icmp,sv_P5
25632,icmp,sv_P2
19825,icmp,sv_P5
6253,icmp,sv_P3
57208,icmp,sv_P5
56129,tcp,sv_P5
46995,icmp,email
58454,udp,sv_P5
43280,udp,sv_P3
27824,tcp,sv_P1
4013,icmp,sv_P3
41663,icmp,sv_P5
59902,icmp,email
43623,tcp,sv_P1
56459,icmp,email
13429,tcp,sv_P3
61432,icmp,sv_P2
56665,udp,sv_P3
25909,tcp,sv_P5
27039,tcp,sv_P5
7991,icmp,sv_P2
7063,icmp,sv_P5
12318,udp,sv_P3
40429,icmp,sv_P4
15820,tcp,email
7438,icmp,sv_P1
23597,udp,sv_P5
13619,tcp,sv_P5
45547,tcp,sv_P2
14315,icmp,sv_P5
41071,tcp,email
60092,udp,sv_P4
30931,udp,sv_P2
53226,udp,sv_P5
12527,icmp,sv_P1
10372,tcp,sv_P3
19643,tcp,sv_P2
9683,udp,sv_P4
55924,tcp,sv_P5
21028,tcp,email
7228,icmp,sv_P3
1052,tcp,sv_P3
62511,icmp,email
7303,udp,email
32760,udp,email
20059,udp,email
45240,tcp,sv_P5
22411,tcp,sv_P2
62629,udp,sv_P3
45320,udp,sv_P3
11060,tcp,sv_P5
57893,udp,sv_P5
62024,tcp,sv_P3
36484,tcp,sv_P4
19847,tcp,email
45320,icmp,sv_P4
45104,tcp,sv_P1
25118,tcp,sv_P1
16825,udp,email
37803,icmp,sv_P5
59652,udp,sv_P4
45882,tcp,sv_P4
26866,tcp,sv_P2
41627,udp,email
9154,icmp,sv_P2
65201,icmp,sv_P5
33334,icmp,sv_P2
13815,icmp,sv_P4
8863,udp,sv_P4
47567,icmp,email
39889,icmp,sv_P2
39778,tcp,sv_P4
45143,tcp,sv_P2
19527,udp,sv_P1
35041,udp,sv_P2
36555,udp,sv_P3
18419,tcp,sv_P3
57064,udp,sv_P2
24884,icmp,sv_P4
13510,udp,sv_P3
42344,icmp,sv_P3
23294,udp,sv_P4
29087,udp,sv_P2
21667,udp,sv_P4
15245,tcp,sv_P2
21363,tcp,sv_P4
33998,tcp,sv_P2
59603,udp,sv_P3
6800,tcp,sv_P4
15325,icmp,sv_P1
6504,udp,sv_P3
13625,icmp,sv_P3
28127,tcp,sv_P5
22764,tcp,sv_P4
38198,udp,sv_P3
64883,udp,sv_P5
59684,tcp,sv_P3
61241,udp,sv_P1
3472,udp,email
58635,icmp,email
1998,tcp,email
36437,udp,sv_P4
11043,udp,sv_P4
46247,udp,sv_P1
44843,tcp,sv_P1
45881,tcp,sv_P1
42757,icmp,sv_P2
30426,icmp,sv_P4
56067,udp,sv_P3
52344,udp,sv_P4
37100,udp,sv_P3
39821,udp,sv_P2
4386,tcp,sv_P1
49220,icmp,sv_P1
37268,tcp,sv_P2
30048,udp,sv_P2
3800,udp,sv_P5
38548,udp,sv_P5
43705,icmp,sv_P2
55234,udp,email
18312,icmp,sv_P2
3738,udp,sv_P3
39572,icmp,sv_P1
22253,tcp,sv_P1
41029,udp,sv_P5
42847,udp,sv_P3
13661,udp,email
10793,tcp,sv_P2
41058,udp,sv_P3
48046,tcp,email
62440,tcp,email
60928,tcp,sv_P3
2481,udp,sv_P2
38602,udp,sv_P1
885,tcp,sv_P1
3803,tcp,sv_P1
50885,udp,sv_P2
21246,udp,email
61125,icmp,sv_P2
63642,tcp,sv_P4
14693,tcp,sv_P5
64046,udp,sv_P2
30100,udp,email
43639,icmp,sv_P4
15541,udp,sv_P3
6379,tcp,sv_P3
19620,udp,sv_P2
45656,icmp,sv_P4
30381,udp,sv_P5
7100,udp,email
45429,udp,sv_P3
60572,udp,sv_P1
34461,udp,sv_P1
27910,tcp,sv_P4
21979,tcp,sv_P1
22188,udp,sv_P3
16430,icmp,sv_P4
475,tcp,email
59742,udp,sv_P2
57550,icmp,sv_P5
34178,udp,sv_P4
53276,tcp,sv_P2
47587,tcp,sv_P2
17125,tcp,sv_P3
4305,udp,sv_P4
43772,tcp,sv_P1
51513,tcp,sv_P5
33658,tcp,sv_P2
40500,udp,sv_P1
3450,udp,sv_P1
56612,tcp,sv_P5
2936,icmp,sv_P2
46625,tcp,email
5627,icmp,sv_P3
13375,udp,sv_P4
4734,udp,sv_P2
19494,icmp,sv_P1
20143,tcp,sv_P2
13079,icmp,sv_P4
45618,icmp,sv_P2
2994,tcp,sv_P3
39686,icmp,sv_P4
44268,icmp,sv_P3
19554,udp,sv_P1
11276,udp,sv_P2
24123,tcp,sv_P5
13337,udp,email
64422,icmp,sv_P5
6075,tcp,sv_P2
30308,icmp,email
13484,udp,sv_P2
53524,udp,sv_P1
54360,udp,sv_P2
45961,icmp,sv_P2
65047,udp,sv_P5
63805,tcp,email
63688,udp,sv_P5
34893,udp,sv_P1
56119,udp,sv_P1
20962,icmp,email
53412,udp,sv_P1
56319,tcp,sv_P3
51328,icmp,sv_P5
56178,tcp,sv_P3
43634,udp,sv_P1
20216,tcp,sv_P1
5901,icmp,sv_P5
46895,tcp,sv_P4
31877,udp,email
43684,icmp,sv_P4
24308,udp,sv_P5
4768,udp,sv_P2
62430,icmp,sv_P3
22109,icmp,email
62875,udp,sv_P3
51163,tcp,sv_P5
36288,icmp,sv_P1
32379,tcp,sv_P1
27144,icmp,email
831,tcp,sv_P1
26730,icmp,sv_P1
42519,icmp,sv_P4
56804,tcp,sv_P1
13914,icmp,email
6998,tcp,sv_P2
44342,icmp,sv_P4
40866,udp,sv_P3
4974,udp,sv_P5
56992,tcp,sv_P4
39442,icmp,sv_P1
5479,udp,email
12406,tcp,email
22314,tcp,sv_P1
9328,udp,sv_P5
7569,icmp,sv_P3
15037,tcp,sv_P2
53250,udp,sv_P3
48159,udp,sv_P5
3074,udp,sv_P4
11773,icmp,sv_P3
37089,udp,sv_P3
35482,tcp,sv_P3
41210,icmp,sv_P3
45868,udp,sv_P1
51023,udp,email
38225,udp,email
5329,tcp,email
49365,icmp,sv_P4
31175,tcp,sv_P5
51327,tcp,sv_P5
20303,udp,email
29673,udp,sv_P1
50558,tcp,sv_P2
16643,udp,sv_P2
3311,tcp,sv_P1
18149,udp,sv_P4
45639,tcp,sv_P5
54009,tcp,sv_P2
31786,udp,email
47192,tcp,sv_P1
14872,icmp,sv_P2
45503,udp,sv_P4
23540,tcp,email
24644,icmp,email
6586,tcp,sv_P1
29244,icmp,sv_P3
25485,icmp,sv_P2
51491,icmp,sv_P3
38044,tcp,sv_P5
57386,tcp,sv_P2
54081,icmp,sv_P2
43209,tcp,sv_P5
51526,udp,sv_P1
51614,udp,sv_P3
43027,tcp,sv_P4
65311,tcp,sv_P2
58711,tcp,sv_P1
36293,tcp,sv_P2
20386,tcp,sv_P5
59388,tcp,sv_P1
54187,udp,sv_P2
7147,udp,sv_P5
22668,tcp,sv_P5
63151,icmp,sv_P4
56233,icmp,sv_P4
42005,tcp,sv_P4
47216,udp,sv_P3
43121,udp,sv_P1
22125,icmp,email
26814,udp,sv_P2
13819,icmp,sv_P4
56726,tcp,sv_P3
28612,icmp,email
48734,udp,sv_P3
63813,icmp,sv_P2
52591,udp,sv_P1
18395,icmp,sv_P5
64930,udp,email
64185,icmp,sv_P2
17383,udp,sv_P5
33374,tcp,sv_P2
4458,tcp,sv_P5
15144,icmp,sv_P1
33222,tcp,sv_P1
23324,icmp,sv_P3
15523,udp,sv_P5
32984,icmp,sv_P1
10641,udp,sv_P1
62951,tcp,sv_P5
41270,udp,sv_P3
23584,udp,sv_P4
26168,icmp,email
38483,tcp,sv_P5
8455,udp,sv_P4
17200,udp,sv_P5
3712,udp,sv_P4
13549,tcp,sv_P2
58814,udp,sv_P2
11096,udp,sv_P2
24633,udp,sv_P2
36789,icmp,sv_P1
55876,udp,sv_P2
39685,udp,sv_P2
10738,icmp,sv_P2
42523,tcp,sv_P5
18131,udp,sv_P1
21050,udp,sv_P5
6548,udp,sv_P1
28520,icmp,sv_P4
50654,tcp,sv_P4
19270,icmp,sv_P5
56317,tcp,sv_P3
45014,icmp,sv_P5
27606,udp,sv_P2
57436,icmp,sv_P1
12085,udp,sv_P2
60312,udp,sv_P1
49848,tcp,sv_P3
50124,udp,email
54747,udp,sv_P1
20828,udp,sv_P4
36296,tcp,sv_P5
2110,tcp,sv_P4
33227,tcp,sv_P5
62739,tcp,sv_P4
53703,udp,sv_P1
10849,udp,sv_P3
25470,udp,sv_P1
52448,icmp,sv_P3
6458,udp,sv_P5
64348,icmp,sv_P2
54763,udp,sv_P1
16816,tcp,sv_P5
57407,udp,sv_P4
50797,icmp,sv_P2
881,icmp,sv_P2
19969,tcp,sv_P5
5877,udp,sv_P1
57151,icmp,sv_P2
49750,tcp,sv_P2
48198,tcp,email
61209,tcp,sv_P1
31577,tcp,sv_P4
13828,udp,sv_P3
28242,tcp,email
65352,udp,sv_P1
45566,icmp,sv_P1
21914,icmp,sv_P5
47332,tcp,sv_P4
2834,udp,email
21450,tcp,sv_P1
42431,icmp,sv_P1
30929,udp,sv_P5
54401,tcp,sv_P2
30383,icmp,sv_P5
15991,tcp,sv_P5
55855,icmp,sv_P2
44784,icmp,sv_P3
25537,tcp,sv_P3
137,udp,sv_P2
2921,udp,sv_P1
61912,icmp,sv_P1
31510,icmp,sv_P5
62581,udp,sv_P5
32796,udp,sv_P3
23079,tcp,sv_P4
16276,udp,sv_P4
26031,icmp,sv_P3
24495,udp,email
1213,udp,sv_P5
23969,udp,sv_P5
63335,tcp,sv_P1
532,udp,sv_P2
46100,tcp,email
56479,icmp,sv_P1
1478,tcp,sv_P1
25875,tcp,email
27280,tcp,sv_P4
40163,tcp,sv_P4
21606,tcp,sv_P3
33338,icmp,sv_P4
30269,tcp,sv_P5
7793,icmp,sv_P5
22691,tcp,sv_P5
15736,tcp,sv_P5
21986,tcp,email
64994,udp,sv_P5
62357,tcp,sv_P3
46145,icmp,sv_P5
32605,udp,sv_P5
51833,udp,sv_P4
24410,tcp,sv_P1
14457,icmp,sv_P1
31781,udp,sv_P4
51991,tcp,sv_P4
32970,udp,sv_P3
997,icmp,sv_P3
2913,udp,sv_P2
57901,udp,sv_P5
14754,udp,sv_P3
9787,icmp,sv_P1
16119,tcp,email
25412,tcp,sv_P5
52453,udp,email
51849,udp,sv_P2
24486,udp,email
15331,tcp,sv_P3
22993,icmp,sv_P2
49862,icmp,sv_P4
57108,udp,sv_P4
57614,tcp,email
9412,udp,sv_P2
5788,udp,sv_P4
36215,udp,sv_P4
3717,icmp,sv_P2
58190,tcp,sv_P4
43081,tcp,email
61371,tcp,sv_P1
20675,tcp,sv_P3
53587,udp,sv_P4
18945,icmp,email
13435,tcp,sv_P1
21498,udp,email
19604,udp,sv_P5
49064,tcp,sv_P4
64982,udp,sv_P3
15175,icmp,sv_P5
13824,udp,sv_P5
29980,udp,sv_P2
35113,tcp,sv_P2
61311,udp,sv_P4
65318,tcp,sv_P4
17734,udp,sv_P2
6106,tcp,sv_P2
19469,udp,sv_P5
25339,tcp,sv_P1
40242,udp,sv_P3
57788,tcp,sv_P2
5705,icmp,sv_P3
19056,icmp,sv_P2
38280,tcp,sv_P4
60017,udp,sv_P5
36726,tcp,sv_P5
18542,tcp,sv_P4
1709,tcp,sv_P5
33377,icmp,sv_P1
36342,udp,sv_P2
38065,icmp,sv_P2
26140,tcp,sv_P2
2003,udp,email
62359,tcp,sv_P4
54987,udp,sv_P4
48187,tcp,sv_P4
16037,udp,sv_P2
8005,tcp,sv_P1
26137,icmp,sv_P2
25379,udp,sv_P4
34284,tcp,sv_P2
15590,icmp,email
64255,icmp,sv_P2
58736,tcp,sv_P3
21894,tcp,sv_P3
14059,udp,email
50687,udp,sv_P1
39797,udp,sv_P2
22671,tcp,sv_P3
44148,tcp,sv_P2
15393,tcp,sv_P2
57076,icmp,sv_P4
63619,tcp,sv_P5
22678,udp,email
20441,tcp,sv_P4
37460,icmp,email
64800,icmp,sv_P4
42742,udp,email
21658,tcp,sv_P5
45790,icmp,sv_P3
8960,tcp,sv_P3
3718,icmp,sv_P5
31235,udp,sv_P2
41856,tcp,sv_P4
47118,tcp,sv_P4
18056,tcp,sv_P1
34970,udp,sv_P1
2429,tcp,sv_P4
14985,udp,sv_P2
45359,udp,sv_P1
38670,icmp,sv_P1
22245,tcp,email
40856,udp,sv_P4
41528,udp,sv_P1
39439,tcp,sv_P3
15296,udp,sv_P2
53047,udp,sv_P2
53213,udp,sv_P5
115,tcp,email
17215,icmp,sv_P1
37471,tcp,sv_P2
56970,tcp,sv_P5
23323,udp,sv_P1
58413,icmp,sv_P4
19135,icmp,sv_P1
24813,icmp,sv_P4
59471,udp,sv_P1
26878,tcp,sv_P2
64390,udp,email
49988,tcp,email
22784,icmp,sv_P1
8994,icmp,sv_P5
12288,udp,sv_P4
16907,tcp,email
50560,tcp,sv_P4
26136,tcp,email
36904,udp,sv_P5
7698,icmp,sv_P3
14255,udp,sv_P5
28497,tcp,email
57591,icmp,email
25599,icmp,sv_P1
45503,tcp,sv_P2
62958,icmp,sv_P5
5498,icmp,sv_P2
55813,icmp,sv_P2
37113,udp,sv_P2
4905,icmp,sv_P2
48833,icmp,sv_P5
50659,udp,sv_P2
34180,tcp,sv_P2
15203,udp,email
46986,icmp,sv_P3
50116,icmp,sv_P1
63555,udp,sv_P1
305,icmp,sv_P4
32691,icmp,sv_P3
61998,icmp,sv_P3
31447,tcp,sv_P2
53468,udp,sv_P5
37966,icmp,sv_P5
19830,icmp,sv_P4
25307,icmp,sv_P3
27755,udp,sv_P1
3314,tcp,sv_P5
39858,tcp,sv_P4
32797,udp,email
6888,icmp,sv_P4
42067,udp,sv_P5
1094,tcp,sv_P2
27208,icmp,sv_P4
59294,icmp,email
44000,tcp,email
11008,tcp,sv_P2
61176,tcp,email
1073,tcp,sv_P5
64929,udp,sv_P1
21300,tcp,sv_P5
51022,tcp,sv_P5
2807,icmp,sv_P2
22983,udp,sv_P2
49059,tcp,sv_P2
58276,tcp,email
38515,tcp,sv_P3
6473,udp,sv_P1
16608,udp,email
9424,icmp,sv_P4
60363,udp,sv_P2
11390,udp,sv_P5
2201,udp,email
1086,tcp,email
22672,udp,sv_P4
52600,udp,sv_P4
6396,tcp,sv_P3
546,udp,sv_P3
56136,udp,sv_P2
34520,tcp,sv_P5
6230,tcp,sv_P4
59219,tcp,sv_P1
54663,tcp,sv_P1
48899,udp,sv_P2
62791,tcp,email
49346,udp,sv_P5
47616,icmp,sv_P3
16377,icmp,sv_P4
59193,udp,sv_P2
8501,tcp,sv_P5
14388,udp,sv_P4
6164,udp,sv_P1
6186,udp,email
35968,udp,sv_P5
32027,tcp,email
60413,icmp,email
24809,tcp,sv_P1
49439,udp,sv_P4
57791,udp,sv_P3
58701,udp,sv_P5
63669,tcp,email
49239,udp,sv_P1
57051,udp,sv_P5
5117,udp,sv_P1
37529,udp,email
13828,icmp,sv_P2
51275,icmp,sv_P3
50592,icmp,sv_P1
37482,udp,sv_P2
37157,icmp,sv_P2
61178,tcp,sv_P3
17982,icmp,email
10457,icmp,sv_P1
3905,icmp,sv_P4
33591,udp,sv_P3
10600,tcp,sv_P1
60616,tcp,sv_P2
22573,icmp,sv_P3
41982,udp,sv_P2
8676,icmp,email
52749,icmp,sv_P4
28207,tcp,email
19636,udp,sv_P4
36324,tcp,email
29773,icmp,sv_P3
19413,icmp,email
26532,tcp,sv_P1
63218,icmp,sv_P2
7656,udp,sv_P4
19320,udp,sv_P5
11567,tcp,sv_P3
60628,icmp,sv_P2
49915,icmp,email
40108,udp,sv_P2
64115,udp,sv_P1
35589,icmp,sv_P1
7920,tcp,email
21668,icmp,sv_P3
13989,icmp,sv_P2
25539,udp,sv_P4
43516,tcp,sv_P3
15646,udp,sv_P4
39306,icmp,sv_P3
33146,udp,sv_P1
50759,tcp,sv_P1
179,tcp,sv_P4
7576,udp,sv_P2
56061,icmp,sv_P4
11289,tcp,sv_P4
15169,udp,sv_P4
11567,icmp,sv_P2
34106,udp,email
36710,tcp,sv_P3
5942,udp,sv_P2
11889,tcp,sv_P4
5235,icmp,sv_P4
38884,tcp,sv_P4
35836,icmp,sv_P5
29542,udp,sv_P2
31062,tcp,sv_P1
64424,icmp,sv_P3
31093,icmp,sv_P3
54040,udp,sv_P1
14536,tcp,sv_P2
32049,icmp,email
11442,udp,sv_P2
42695,tcp,sv_P2
42055,tcp,sv_P4
54784,icmp,sv_P3
4976,icmp,sv_P4
4846,udp,sv_P1
27978,icmp,sv_P3
64531,tcp,sv_P1
57416,tcp,email
43364,icmp,sv_P1
35465,icmp,sv_P3
56320,tcp,sv_P1
22510,udp,email
25896,tcp,sv_P5
20840,tcp,sv_P1
58988,udp,sv_P2
12331,tcp,sv_P3
53801,udp,sv_P4
18621,icmp,sv_P5
21273,tcp,sv_P2
5822,udp,email
32547,icmp,email
62552,tcp,sv_P4
5715,udp,sv_P2
42396,tcp,sv_P5
54557,tcp,sv_P2
46595,tcp,sv_P4
25676,icmp,email
10100,icmp,sv_P4
59503,udp,sv_P2
54505,udp,email
45676,udp,sv_P1
62239,icmp,sv_P2
4380,icmp,sv_P5
50494,icmp,sv_P5
39977,tcp,sv_P1
30544,icmp,sv_P2
11503,tcp,sv_P4
8902,udp,email
52946,icmp,sv_P4
35830,tcp,email
34395,icmp,sv_P2
25632,udp,sv_P3
59181,icmp,sv_P2
11774,icmp,sv_P5
63054,udp,sv_P3
37666,tcp,sv_P4
26390,icmp,sv_P2
16847,icmp,sv_P3
64453,icmp,sv_P5
11316,udp,sv_P3
9264,tcp,sv_P5
58971,tcp,sv_P4
58786,icmp,email
59687,udp,email
55103,icmp,sv_P5
24155,udp,email
33817,icmp,sv_P1
16483,icmp,sv_P3
54456,icmp,sv_P2
31948,icmp,sv_P2
4948,icmp,sv_P5
27350,udp,sv_P4
20360,tcp,sv_P5
41943,tcp,sv_P3
46572,tcp,sv_P4
60325,icmp,sv_P5
53702,tcp,sv_P3
32720,tcp,sv_P1
49204,tcp,email
46035,udp,sv_P2
39568,tcp,sv_P4
12368,icmp,sv_P3
38422,tcp,sv_P3
21387,udp,sv_P3
43652,icmp,sv_P4
37746,tcp,sv_P2
28059,icmp,sv_P5
3764,tcp,sv_P2
39267,icmp,sv_P2
30293,icmp,sv_P1
17465,tcp,sv_P4
62402,icmp,sv_P1
50769,tcp,sv_P1
525,udp,sv_P3
9547,udp,sv_P5
34447,tcp,email
17327,tcp,sv_P5
41183,udp,sv_P1
53643,tcp,sv_P3
20180,udp,sv_P5
1402,icmp,sv_P2
37976,udp,sv_P2
38057,icmp,email
55955,udp,sv_P5
30468,icmp,sv_P3
62577,tcp,sv_P4
60386,tcp,sv_P2
22955,tcp,sv_P2
37599,udp,sv_P4
27515,udp,sv_P2
10024,icmp,sv_P5
38250,icmp,sv_P2
28900,tcp,sv_P2
5579,udp,sv_P4
23666,icmp,sv_P5
4768,icmp,sv_P3
1902,udp,sv_P3
10375,udp,email
41822,udp,sv_P5
8580,tcp,email
17558,icmp,sv_P3
6272,tcp,sv_P1
50348,icmp,sv_P4
24908,udp,sv_P5
49146,tcp,sv_P4
39154,udp,sv_P5
48791,tcp,sv_P5
27246,tcp,sv_P1
20832,tcp,sv_P5
52199,udp,email
12816,icmp,sv_P1
21187,icmp,sv_P4
41550,icmp,sv_P2
1452,tcp,sv_P2
2915,udp,sv_P5
9226,udp,sv_P2
44499,icmp,sv_P2
15231,icmp,sv_P1
44426,udp,sv_P4
32385,tcp,sv_P3
17422,tcp,email
62229,udp,sv_P4
8026,udp,sv_P3
64343,tcp,sv_P2
64093,tcp,email
50762,tcp,email
63262,tcp,sv_P3
14158,icmp,sv_P3
57661,icmp,sv_P5
27430,tcp,sv_P1
25355,tcp,sv_P3
29676,udp,email
23569,udp,sv_P2
48930,udp,email
17405,udp,email
28956,icmp,sv_P2
2197,tcp,email
48332,udp,sv_P3
19823,icmp,sv_P1
14241,icmp,sv_P4
56598,icmp,sv_P2
53290,icmp,sv_P5
64353,icmp,sv_P1
9760,icmp,sv_P1
10694,icmp,sv_P2
54567,udp,sv_P3
33513,tcp,email
15792,udp,sv_P1
32134,tcp,sv_P5
21275,tcp,sv_P4
35862,tcp,email
15947,udp,sv_P1
22718,tcp,sv_P2
43115,udp,sv_P4
35164,icmp,sv_P1
7702,udp,sv_P2
60276,icmp,sv_P4
31464,udp,sv_P5
17401,tcp,sv_P5
7640,udp,email
20866,udp,sv_P1
18508,icmp,sv_P2
8429,tcp,sv_P4
58848,icmp,sv_P4
45830,tcp,sv_P2
10240,icmp,sv_P2
62972,icmp,sv_P2
4772,tcp,sv_P1
16391,udp,email
30940,icmp,sv_P2
29416,udp,sv_P1
14823,tcp,email
48154,tcp,email
23922,icmp,sv_P3
33361,udp,sv_P3
3042,tcp,sv_P2
35680,icmp,sv_P3
9902,icmp,email
13084,icmp,sv_P3
21874,udp,sv_P4
41052,tcp,sv_P2
26434,icmp,sv_P4
50807,tcp,email
10168,udp,sv_P4
29425,tcp,sv_P3
48701,tcp,sv_P5
6170,icmp,sv_P1
2974,udp,email
50155,udp,sv_P1
16535,icmp,sv_P2
54076,udp,sv_P2
25422,icmp,sv_P4
30626,tcp,sv_P2
36642,udp,sv_P1
28996,udp,sv_P5
14961,tcp,sv_P4
21358,tcp,sv_P2
53064,icmp,sv_P5
14042,tcp,email
256,icmp,sv_P3
63684,udp,sv_P2
50413,tcp,sv_P2
37329,icmp,sv_P5
4057,udp,sv_P2
37148,tcp,sv_P5
48103,icmp,sv_P5
39037,tcp,sv_P5
34010,udp,sv_P3
32594,tcp,sv_P3
24373,udp,sv_P1
21803,icmp,email
48534,tcp,sv_P2
3562,tcp,sv_P5
51220,udp,sv_P4
11809,udp,sv_P2
20852,icmp,sv_P2
40161,icmp,sv_P1
21547,tcp,sv_P4
31198,icmp,sv_P3
15150,tcp,sv_P5
42525,tcp,sv_P1
23524,icmp,email
3352,icmp,sv_P4
26139,udp,sv_P3
11790,icmp,sv_P3
25314,udp,email
60761,tcp,sv_P2
64866,icmp,sv_P1
62385,udp,sv_P2
14602,tcp,sv_P4
21691,udp,sv_P5
32052,udp,sv_P4
41055,icmp,sv_P2
54567,tcp,sv_P2
65396,icmp,sv_P3
41174,icmp,email
26937,tcp,sv_P3
55510,udp,email
43409,tcp,sv_P2
34490,udp,sv_P5
41781,icmp,sv_P3
14002,tcp,sv_P5
18625,udp,email
54444,tcp,sv_P5
7209,udp,sv_P1
8509,udp,email
21445,udp,sv_P4
3736,tcp,sv_P5
17598,icmp,sv_P2
61408,icmp,sv_P2
55168,udp,email
52098,udp,sv_P2
16882,udp,sv_P1
974,tcp,email
20191,tcp,sv_P3
7438,tcp,sv_P2
36112,icmp,sv_P2
21012,tcp,sv_P4
59867,icmp,email
25834,tcp,sv_P3
3248,udp,email
11274,udp,sv_P1
42922,icmp,sv_P5
32359,tcp,sv_P1
52287,icmp,sv_P5
22011,icmp,email
13288,icmp,sv_P5
5011,icmp,sv_P4
26250,tcp,email
6598,icmp,sv_P1
50251,udp,sv_P5
956,tcp,sv_P3
5292,icmp,sv_P2
61026,tcp,email
47779,udp,sv_P5
64093,icmp,sv_P4
56159,icmp,sv_P3
24616,icmp,sv_P4
43938,icmp,sv_P2
43268,udp,sv_P1
30586,udp,sv_P1
49703,udp,sv_P1
32269,tcp,email
30354,tcp,sv_P1
41115,udp,sv_P3
13376,udp,sv_P3
7331,tcp,sv_P4
6334,udp,sv_P3
28258,udp,sv_P3
34620,tcp,sv_P5
42404,tcp,sv_P4
39972,tcp,sv_P2
33508,udp,sv_P1
9659,tcp,email
48284,icmp,sv_P2
3043,tcp,sv_P3
20526,udp,sv_P3
24730,udp,sv_P2
9755,tcp,sv_P4
40061,tcp,sv_P5
15869,icmp,sv_P1
55941,udp,email
17790,udp,sv_P2
16182,icmp,sv_P2
12259,tcp,sv_P1
58209,icmp,sv_P4
58112,udp,sv_P2
47840,udp,email
64043,tcp,email
41387,icmp,sv_P3
57175,tcp,sv_P2
36247,icmp,email
52711,icmp,sv_P5
17874,icmp,sv_P5
42058,tcp,sv_P1
62376,tcp,sv_P2
50399,icmp,sv_P4
11080,tcp,email
35285,udp,sv_P4
51593,icmp,sv_P2
44427,udp,sv_P4
46643,udp,sv_P2
29204,udp,sv_P3
1189,tcp,sv_P5
31838,tcp,sv_P2
33562,tcp,sv_P3
37621,icmp,sv_P3
15313,udp,sv_P2
21397,tcp,sv_P1
200,udp,sv_P1
30451,icmp,sv_P1
1368,icmp,sv_P5
4719,icmp,sv_P5
2718,udp,sv_P2
34476,tcp,sv_P3
21274,udp,email
53544,icmp,sv_P3
62017,tcp,sv_P3
53391,udp,sv_P2
41711,udp,sv_P4
59542,icmp,sv_P4
31093,tcp,sv_P5
40912,icmp,sv_P5
50014,tcp,sv_P3
53625,tcp,email
37707,icmp,sv_P2
24079,icmp,sv_P2
36961,udp,sv_P3
6341,tcp,sv_P1
11285,tcp,sv_P5
14035,udp,sv_P3
19052,udp,sv_P4
62789,icmp,email
50326,udp,sv_P4
38749,udp,sv_P3
12065,icmp,sv_P1
8979,icmp,sv_P1
9037,udp,email
35881,tcp,sv_P5
38223,tcp,sv_P5
22893,udp,sv_P4
48486,icmp,email
52554,icmp,sv_P2
25937,tcp,sv_P4
22942,icmp,sv_P2
33389,tcp,sv_P2
33452,tcp,sv_P3
36463,udp,sv_P2
6781,icmp,sv_P2
35407,tcp,sv_P5
6444,tcp,sv_P1
18573,udp,sv_P1
34940,icmp,email
10975,udp,sv_P4
25058,tcp,sv_P2
20311,icmp,sv_P3
10430,udp,sv_P5
29289,udp,email
33142,tcp,sv_P1
13961,udp,sv_P1
54744,icmp,sv_P3
55533,tcp,sv_P5
40463,udp,sv_P2
42943,udp,sv_P4
444,udp,email
29275,tcp,email
44845,udp,sv_P3
44565,udp,sv_P3
12293,udp,sv_P5
33125,udp,email
52338,icmp,sv_P5
8291,tcp,sv_P1
20255,udp,sv_P3
51037,udp,sv_P5
55501,udp,sv_P3
31580,udp,sv_P1
51282,icmp,sv_P1
31489,icmp,sv_P5
62998,icmp,email
60890,tcp,sv_P2
1588,udp,sv_P5
50519,tcp,sv_P1
24088,tcp,sv_P1
310,tcp,email
42210,tcp,sv_P5
14605,tcp,sv_P5
3742,udp,sv_P2
22953,tcp,email
53985,udp,email
28084,tcp,sv_P4
13881,icmp,sv_P3
22925,udp,email
7419,udp,email
40941,udp,sv_P4
14947,tcp,sv_P4
17000,icmp,sv_P2
8347,tcp,sv_P3
57082,icmp,sv_P2
63190,tcp,email
10958,tcp,sv_P1
28725,tcp,sv_P1
21596,udp,sv_P5
55607,tcp,sv_P1
52189,tcp,sv_P3
34162,udp,sv_P5
1928,udp,email
43844,icmp,sv_P5
37408,tcp,email
35511,icmp,email
31517,udp,sv_P3
40367,icmp,sv_P4
59564,icmp,sv_P4
59812,tcp,sv_P4
18623,udp,sv_P5
18878,tcp,sv_P3
23507,tcp,sv_P1
35176,icmp,email
35500,tcp,sv_P1
4180,tcp,email
40977,udp,sv_P3
17958,tcp,sv_P3
13177,icmp,sv_P3
54264,icmp,sv_P2
5257,tcp,sv_P1
59606,icmp,sv_P4
26220,icmp,sv_P4
24868,tcp,sv_P3
19469,tcp,email
43254,udp,email
521,udp,sv_P4
22007,icmp,sv_P4
9371,tcp,sv_P3
61548,udp,email
63959,icmp,sv_P5
6895,udp,sv_P5
13481,udp,email
7831,udp,sv_P5
26948,icmp,sv_P5
28963,icmp,sv_P2
54351,icmp,sv_P4
58266,tcp,sv_P2
19570,udp,sv_P5
49389,udp,sv_P5
47823,tcp,sv_P3
38438,tcp,email
44199,udp,sv_P2
12416,tcp,sv_P4
15659,tcp,email
16242,icmp,sv_P5
13163,udp,sv_P1
61553,icmp,sv_P4
42894,icmp,email
48876,tcp,sv_P4
48249,udp,sv_P1
6330,icmp,sv_P3
54523,udp,sv_P2
5625,icmp,sv_P3
58278,icmp,email
61142,tcp,sv_P2
10309,udp,sv_P3
58582,icmp,email
26215,udp,email
18422,tcp,email
13651,udp,email
58354,tcp,email
58911,udp,email
9047,tcp,sv_P5
13341,udp,sv_P1
59099,icmp,email
44872,icmp,sv_P1
39535,tcp,email
33685,icmp,sv_P4
53563,icmp,sv_P4
59675,icmp,sv_P1
36156,tcp,sv_P4
17398,icmp,sv_P4
5216,tcp,sv_P2
44361,tcp,sv_P5
1759,icmp,sv_P4
2251,icmp,sv_P3
157,udp,email
47265,udp,sv_P2
187,tcp,sv_P3
19988,tcp,sv_P5
50786,icmp,sv_P3
30326,icmp,sv_P4
53582,tcp,sv_P3
51125,udp,sv_P5
36842,icmp,sv_P2
7433,udp,sv_P1
39256,tcp,sv_P1
47244,tcp,email
40425,tcp,sv_P4
25182,icmp,sv_P3
18160,tcp,sv_P1
54952,tcp,email
7858,tcp,sv_P3
31993,tcp,email
56105,tcp,sv_P1
31272,icmp,email
8231,icmp,sv_P5
21117,tcp,sv_P3
21420,tcp,email
30608,udp,sv_P4
45063,tcp,sv_P2
8287,udp,sv_P4
11377,tcp,email
30749,tcp,sv_P2
11495,tcp,sv_P5
58760,icmp,sv_P1
47089,udp,sv_P2
2740,icmp,sv_P1
57869,icmp,sv_P3
61855,icmp,sv_P3
3205,tcp,sv_P1
51630,icmp,sv_P3
53489,tcp,sv_P3
65355,udp,sv_P3
32763,udp,sv_P5
53283,icmp,email
8211,tcp,sv_P2
63727,icmp,sv_P2
8430,tcp,sv_P5
17877,udp,sv_P3
37359,udp,sv_P3
21548,udp,sv_P5
48203,udp,email
25662,tcp,sv_P2
21005,icmp,sv_P5
32279,udp,email
2524,icmp,sv_P1
9180,tcp,sv_P5
12273,icmp,email
11231,udp,sv_P1
49008,udp,sv_P5
47026,icmp,email
29991,icmp,sv_P5
3284,udp,sv_P2
42231,icmp,sv_P5
29669,udp,sv_P2
19659,udp,sv_P4
10199,udp,email
52398,icmp,sv_P4
45961,udp,sv_P3
14281,icmp,sv_P4
32712,icmp,sv_P4
24234,udp,sv_P3
65107,icmp,sv_P2
40039,tcp,sv_P1
12882,udp,sv_P2
47236,tcp,sv_P5
49224,udp,sv_P3
50119,tcp,sv_P4
62425,udp,sv_P3
58929,tcp,sv_P1
31559,udp,email
27670,icmp,sv_P4
64900,icmp,sv_P1
28518,udp,sv_P5
18134,tcp,sv_P5
5610,icmp,sv_P5
34716,icmp,sv_P3
42318,icmp,email
50213,udp,sv_P4
55201,udp,sv_P5
61716,tcp,sv_P1
16541,tcp,sv_P2
1656,tcp,sv_P1
21574,udp,sv_P4
9997,udp,sv_P5
54470,icmp,sv_P3
59480,icmp,sv_P1
56981,tcp,sv_P4
8715,udp,sv_P3
42104,icmp,sv_P1
8534,udp,sv_P1
49408,icmp,sv_P5
24496,icmp,sv_P4
13727,icmp,sv_P1
18563,tcp,email
15970,udp,email
20654,tcp,sv_P1
44331,icmp,sv_P2
26463,udp,email
56210,icmp,sv_P3
12080,icmp,sv_P2
60591,udp,sv_P1
62112,tcp,sv_P2
20757,tcp,email
60375,udp,sv_P5
31306,icmp,sv_P2
35228,icmp,sv_P5
59702,tcp,sv_P3
60930,icmp,email
20134,udp,sv_P5
60005,icmp,sv_P5
55189,icmp,email
1393,icmp,sv_P4
11901,icmp,sv_P5
63724,icmp,sv_P1
49046,udp,sv_P2
26531,udp,sv_P3
56314,tcp,sv_P4
7612,icmp,sv_P4
13511,udp,email
58739,icmp,sv_P5
51950,icmp,email
8501,icmp,sv_P5
33489,icmp,sv_P5
17090,udp,sv_P5
58633,icmp,sv_P2
16640,icmp,email
6600,icmp,sv_P4
43131,icmp,sv_P5
27466,udp,sv_P2
52969,tcp,sv_P4
51999,udp,sv_P3
8412,udp,sv_P2
7850,udp,email
50789,icmp,sv_P2
50583,tcp,sv_P3
31565,tcp,sv_P2
5657,udp,sv_P3
41726,udp,sv_P3
62688,tcp,sv_P1
49045,tcp,sv_P3
60905,icmp,sv_P1
45471,udp,email
26504,udp,sv_P2
31932,icmp,sv_P5
28092,tcp,sv_P5
31769,icmp,sv_P3
15122,tcp,sv_P1
2640,icmp,sv_P4
53754,icmp,sv_P1
39242,icmp,sv_P2
64256,icmp,sv_P5
53402,icmp,sv_P1
34513,tcp,sv_P2
41326,udp,sv_P3
39804,udp,sv_P5
23015,tcp,sv_P4
44912,icmp,sv_P1
38576,udp,sv_P1
29401,tcp,sv_P3
59954,tcp,sv_P5
47865,tcp,sv_P5
43364,tcp,sv_P2
51448,udp,sv_P4
51189,tcp,sv_P4
65046,udp,sv_P4
32072,tcp,sv_P4
13132,tcp,sv_P4
45691,icmp,sv_P1
51771,icmp,sv_P1
16495,icmp,sv_P4
56897,icmp,sv_P1
18038,tcp,sv_P2
58957,tcp,sv_P2
50151,udp,sv_P5
49520,tcp,sv_P4
43576,udp,sv_P3
27042,tcp,email
65019,icmp,sv_P3
55449,tcp,sv_P3
52841,tcp,sv_P4
9092,tcp,sv_P1
58408,icmp,sv_P2
29168,icmp,sv_P3
51918,udp,sv_P5
27263,tcp,sv_P1
22563,tcp,email
32888,tcp,sv_P3
5428,udp,sv_P3
53102,udp,sv_P1
28450,udp,sv_P5
46225,icmp,sv_P5
56446,icmp,sv_P4
18756,udp,sv_P3
46011,icmp,sv_P3
17234,tcp,sv_P3
8219,icmp,sv_P2
32277,udp,email
62004,udp,sv_P1
26499,tcp,sv_P1
54976,udp,sv_P4
41984,udp,sv_P4
15328,udp,sv_P1
56308,udp,sv_P5
43211,udp,sv_P1
12066,icmp,sv_P3
60494,udp,sv_P3
27182,tcp,email
15082,udp,sv_P2
47338,icmp,sv_P3
28167,tcp,sv_P1
219,tcp,sv_P3
10652,udp,sv_P1
1782,icmp,sv_P1
39927,tcp,sv_P2
40594,icmp,sv_P3
6429,icmp,sv_P4
52225,icmp,sv_P3
9811,icmp,sv_P3
24166,tcp,sv_P5
15350,icmp,sv_P5
6128,tcp,sv_P1
47413,icmp,sv_P3
25685,udp,sv_P4
59797,udp,sv_P3
37453,tcp,sv_P4
34201,udp,sv_P1
19844,udp,email
39526,tcp,sv_P5
8168,tcp,sv_P2
14802,icmp,sv_P4
27,udp,email
51470,udp,sv_P1
54731,icmp,sv_P3
46908,icmp,sv_P5
13658,tcp,sv_P3
25850,udp,email
55134,tcp,sv_P4
10397,udp,email
54136,udp,sv_P5
59289,udp,sv_P5
42670,icmp,sv_P3
24331,icmp,sv_P2
54884,tcp,sv_P2
656,udp,sv_P5
25436,tcp,sv_P1
57288,icmp,sv_P4
3120,tcp,sv_P1
23466,tcp,sv_P1
41030,icmp,sv_P2
46698,tcp,sv_P5
10120,tcp,sv_P5
18561,tcp,sv_P2
41540,tcp,sv_P5
16106,udp,sv_P2
34467,icmp,sv_P4
34433,icmp,sv_P3
35413,icmp,sv_P1
28970,tcp,sv_P1
54835,icmp,sv_P5
4672,tcp,sv_P3
35627,tcp,sv_P2
5210,icmp,sv_P5
37116,tcp,sv_P2
65470,udp,email
50273,udp,sv_P3
4800,udp,sv_P1
37775,tcp,sv_P1
59047,tcp,sv_P3
40870,tcp,sv_P1
65211,tcp,sv_P4
26108,icmp,sv_P4
53758,tcp,sv_P2
10561,tcp,sv_P2
52422,icmp,email
3724,udp,sv_P5
40419,tcp,sv_P3
22057,tcp,sv_P4
49166,icmp,sv_P4
24592,udp,sv_P4
27251,udp,email
60054,tcp,email
37546,icmp,sv_P1
50260,tcp,email
5410,icmp,sv_P2
7087,icmp,sv_P4
34012,tcp,sv_P3
38508,tcp,sv_P5
59753,icmp,sv_P2
52962,udp,sv_P4
14863,icmp,sv_P4
51271,tcp,sv_P4
310,icmp,sv_P3
58529,icmp,sv_P4
12252,udp,sv_P2
62889,udp,sv_P1
26797,icmp,email
56558,icmp,sv_P3
32005,icmp,sv_P4
28449,tcp,sv_P2
50057,icmp,sv_P5
58924,udp,sv_P3
62400,icmp,email
13915,tcp,sv_P1
25198,udp,sv_P4
16662,tcp,sv_P5
2024,udp,sv_P4
59386,icmp,sv_P4
40356,tcp,sv_P2
2857,tcp,sv_P4
63492,udp,sv_P5
65302,tcp,sv_P5
41028,tcp,sv_P5
60521,tcp,email
19396,udp,sv_P1
44519,udp,sv_P4
45667,icmp,sv_P3
30021,udp,email
2900,udp,sv_P1
17202,tcp,email
37134,udp,sv_P3
26570,icmp,sv_P1
42536,tcp,sv_P5
48958,udp,email
49753,udp,sv_P2
60882,udp,sv_P4
38087,tcp,sv_P4
47064,udp,email
23053,icmp,sv_P2
49582,udp,email
31054,udp,sv_P5
22962,tcp,sv_P5
7124,tcp,sv_P2
10049,udp,sv_P5
14808,icmp,sv_P4
51183,icmp,sv_P2
49336,tcp,sv_P5
12519,udp,sv_P5
5035,tcp,sv_P3
52287,tcp,sv_P3
33768,udp,sv_P1
46306,icmp,sv_P2
27130,udp,sv_P5
24785,tcp,sv_P3
37074,udp,sv_P2
7771,tcp,sv_P3
13701,tcp,email
35054,tcp,email
8796,tcp,sv_P4
34545,icmp,sv_P3
33232,icmp,sv_P1
12150,tcp,sv_P5
11734,tcp,sv_P2
62893,icmp,sv_P2
41976,udp,email
10623,udp,sv_P1
21072,udp,email
59465,tcp,sv_P2
53147,tcp,sv_P3
28616,icmp,sv_P5
44953,tcp,sv_P4
63677,tcp,sv_P3
7250,tcp,sv_P5
54417,udp,sv_P5
47691,tcp,sv_P3
3831,tcp,sv_P1
31461,udp,sv_P1
27757,udp,sv_P4
55920,icmp,sv_P5
35037,udp,sv_P2
58659,tcp,email
51102,udp,sv_P3
45610,tcp,sv_P5
55773,tcp,sv_P3
20512,tcp,sv_P3
24917,udp,sv_P1
62296,tcp,email
31498,udp,sv_P3
27415,tcp,sv_P2
33475,tcp,email
53526,udp,sv_P2
31988,udp,email
23919,icmp,sv_P4
18214,udp,sv_P4
64412,icmp,sv_P3
27379,udp,sv_P2
56708,tcp,sv_P3
33282,tcp,sv_P1
21785,tcp,sv_P4
57894,tcp,sv_P5
46340,udp,sv_P4
6428,udp,sv_P1
44538,tcp,sv_P1
24135,icmp,sv_P3
18973,udp,sv_P2
1021,icmp,sv_P2
18497,tcp,sv_P1
56687,icmp,sv_P2
44600,icmp,sv_P1
29667,udp,sv_P3
53879,icmp,sv_P4
29032,udp,sv_P2
32562,udp,sv_P3
22453,udp,sv_P5
60303,icmp,sv_P2
6345,udp,sv_P4
11121,icmp,email
45255,tcp,sv_P2
17164,icmp,sv_P1
46923,udp,sv_P1
35512,udp,email
63142,tcp,sv_P4
44355,udp,sv_P1
54982,icmp,sv_P3
51926,icmp,sv_P3
36171,udp,sv_P1
34753,udp,sv_P3
3177,icmp,sv_P3
32803,icmp,email
28392,tcp,sv_P2
58047,icmp,sv_P1
6234,tcp,sv_P4
30092,tcp,sv_P2
11295,icmp,sv_P4
12410,tcp,sv_P1
28579,udp,email
35891,icmp,sv_P2
3333,tcp,sv_P2
518,icmp,sv_P1
24725,udp,sv_P2
39461,udp,sv_P5
41778,tcp,sv_P5
46652,udp,sv_P2
54580,tcp,sv_P3
18720,tcp,sv_P2
43614,tcp,sv_P4
60187,tcp,sv_P1
45646,udp,email
16696,tcp,sv_P1
29794,udp,sv_P2
6187,udp,sv_P1
22122,icmp,sv_P3
14354,tcp,sv_P4
3178,tcp,sv_P4
30006,udp,sv_P4
11566,tcp,email
60477,tcp,sv_P1
13661,tcp,sv_P1
48164,icmp,email
33111,tcp,sv_P5
7058,icmp,email
7723,tcp,sv_P2
45531,tcp,sv_P1
11409,icmp,email
47568,icmp,sv_P4
263,tcp,sv_P5
18339,tcp,sv_P3
38148,icmp,sv_P4
1374,udp,sv_P3
23133,tcp,sv_P3
19786,udp,sv_P5
51069,udp,sv_P5
63964,icmp,sv_P1
36624,tcp,sv_P5
61836,icmp,sv_P2
52483,tcp,sv_P3
34208,icmp,sv_P1
37246,icmp,email
11034,udp,sv_P2
30375,udp,sv_P4
5644,tcp,sv_P2
48962,icmp,email
64897,icmp,sv_P2
22534,icmp,sv_P1
28632,tcp,sv_P3
7449,icmp,sv_P3
42872,icmp,sv_P5
26220,udp,email
7533,udp,sv_P3
13930,udp,sv_P3
24250,tcp,sv_P4
65369,tcp,sv_P2
5795,icmp,email
43445,tcp,sv_P2
58157,udp,email
30709,tcp,sv_P5
18174,udp,sv_P4
34165,icmp,sv_P3
61374,udp,sv_P4
35390,udp,email
60174,udp,sv_P2
34610,tcp,sv_P1
54814,tcp,sv_P1
47534,tcp,sv_P4
26733,icmp,sv_P3
38997,udp,sv_P1
50474,tcp,sv_P1
27107,udp,sv_P3
7249,udp,sv_P2
26312,tcp,sv_P2
45996,tcp,email
44935,udp,sv_P4
25216,udp,email
14782,udp,sv_P3
58116,icmp,sv_P4
8589,tcp,sv_P5
56646,tcp,email
1523,tcp,email
21349,icmp,email
52389,icmp,sv_P3
40481,udp,sv_P3
59669,udp,sv_P3
12809,tcp,sv_P4
1068,tcp,sv_P3
9902,tcp,sv_P5
45901,tcp,sv_P1
4921,icmp,sv_P5
32761,tcp,email
23430,udp,sv_P2
60777,udp,sv_P2
16896,udp,sv_P3
31394,udp,sv_P1
13063,tcp,sv_P2
23579,udp,sv_P1
53060,udp,sv_P2
24586,icmp,email
28620,tcp,sv_P3
2137,tcp,sv_P4
37124,icmp,sv_P2
27435,udp,sv_P5
46710,udp,sv_P1
58018,icmp,sv_P5
44842,icmp,sv_P5
36368,icmp,sv_P2
30958,tcp,sv_P3
17715,tcp,sv_P1
18592,tcp,sv_P5
22377,udp,sv_P2
18687,udp,email
17063,icmp,email
60025,udp,sv_P5
15350,udp,email
53624,icmp,email
45348,udp,sv_P2
29279,tcp,sv_P4
43486,tcp,sv_P4
15507,icmp,sv_P4
38489,tcp,sv_P4
22896,udp,sv_P2
16540,icmp,sv_P2
54054,icmp,sv_P2
27229,udp,sv_P4
47301,udp,email
43461,udp,sv_P2
35515,icmp,email
40243,udp,sv_P3
4177,icmp,sv_P3
1529,icmp,sv_P4
11004,udp,sv_P3
35157,udp,sv_P3
1807,tcp,sv_P4
43505,udp,sv_P5
4240,udp,sv_P4
53079,udp,email
54370,udp,email
62063,icmp,sv_P4
42549,udp,sv_P3
13273,udp,email
64584,tcp,sv_P2
61541,icmp,email
37171,icmp,sv_P2
44882,icmp,sv_P3
660,udp,sv_P3
62998,udp,sv_P1
49317,tcp,sv_P3
53750,udp,sv_P3
35178,icmp,sv_P2
32138,udp,sv_P3
4213,icmp,sv_P3
45580,udp,sv_P3
33815,tcp,sv_P1
45269,udp,sv_P5
46984,udp,sv_P5
15136,tcp,sv_P3
64811,tcp,sv_P4
22273,tcp,sv_P5
18835,udp,sv_P4
31102,icmp,sv_P2
17586,udp,sv_P3
60939,icmp,sv_P3
45341,icmp,sv_P3
48616,udp,sv_P1
32009,udp,sv_P4
62895,tcp,email
12395,icmp,sv_P1
28923,icmp,sv_P3
52764,tcp,sv_P4
56333,udp,sv_P2
7827,udp,sv_P4
56372,icmp,sv_P4
63850,udp,sv_P1
189,udp,email
63521,tcp,sv_P1
37889,tcp,email
24298,tcp,email
9877,icmp,sv_P2
65098,udp,email
30696,icmp,sv_P2
14347,udp,sv_P5
49841,icmp,sv_P4
20940,tcp,sv_P5
44871,udp,sv_P4
34350,icmp,sv_P3
46554,icmp,sv_P2
8553,icmp,sv_P4
60979,udp,sv_P4
52129,icmp,sv_P5
5052,icmp,sv_P2
53259,icmp,sv_P1
44239,icmp,sv_P3
11413,icmp,sv_P4
29621,icmp,sv_P3
5845,icmp,sv_P2
19117,udp,sv_P3
52523,icmp,sv_P4
8561,tcp,sv_P5
54995,udp,sv_P2
43953,udp,sv_P5
21409,icmp,sv_P3
10271,udp,sv_P4
58222,icmp,sv_P5
48678,icmp,sv_P2
39265,udp,sv_P4
56544,udp,email
57581,tcp,email
35707,tcp,sv_P1
24568,icmp,sv_P2
21836,icmp,sv_P4
31588,icmp,sv_P4
15187,icmp,sv_P5
47969,udp,sv_P3
58521,tcp,sv_P4
9241,icmp,sv_P2
8200,tcp,sv_P5
13648,tcp,sv_P5
43399,icmp,sv_P5
13105,udp,sv_P4
1148,tcp,sv_P3
14868,udp,email
39300,udp,email
49544,udp,sv_P4
54362,icmp,sv_P5
54600,icmp,sv_P3
52336,icmp,email
10590,icmp,sv_P3
43615,tcp,email
4530,icmp,sv_P3
2638,udp,sv_P1
32412,tcp,email
54947,icmp,sv_P1
16574,tcp,sv_P2
65500,udp,email
37008,icmp,sv_P3
417,icmp,sv_P2
30587,icmp,sv_P4
31994,udp,sv_P2
52467,tcp,sv_P3
1124,tcp,sv_P2
9143,icmp,sv_P5
44150,icmp,sv_P4
42723,udp,email
36726,icmp,email
38267,udp,sv_P2
13235,udp,sv_P2
38550,udp,sv_P3
54592,icmp,sv_P2
45565,icmp,sv_P3
10883,tcp,sv_P4
47762,udp,sv_P4
8166,icmp,sv_P4
62986,icmp,sv_P5
33731,tcp,email
2020,udp,sv_P3
61314,icmp,sv_P5
28586,udp,sv_P4
14159,icmp,sv_P2
30038,tcp,sv_P1
41336,icmp,sv_P3
19440,icmp,sv_P5
26070,udp,email
15356,udp,sv_P1
52161,udp,sv_P3
32442,icmp,sv_P1
20782,icmp,email
16112,icmp,sv_P5
11080,icmp,sv_P4
30057,icmp,sv_P2
40334,tcp,email
3818,tcp,sv_P4
62869,icmp,sv_P1
43080,udp,sv_P1
30370,icmp,sv_P3
8144,tcp,email
13681,tcp,email
16797,icmp,sv_P3
42835,udp,sv_P5
59799,icmp,sv_P1
61824,tcp,sv_P5
35487,icmp,sv_P4
31606,tcp,sv_P5
17562,tcp,sv_P5
24059,udp,sv_P5
19587,icmp,sv_P2
34345,icmp,sv_P5
38592,tcp,sv_P2
19316,tcp,sv_P2
21159,udp,sv_P1
52200,udp,sv_P2
65504,icmp,sv_P3
5227,tcp,sv_P2
27503,tcp,email
20501,udp,sv_P3
37143,udp,sv_P1
26992,icmp,sv_P1
30321,tcp,email
28750,udp,sv_P2
27169,tcp,sv_P1
65499,udp,email
6342,udp,sv_P1
53956,tcp,email
51518,tcp,sv_P5
59816,icmp,sv_P2
25602,tcp,sv_P3
57229,udp,sv_P4
64040,udp,email
50692,tcp,sv_P2
43473,icmp,email
48719,udp,email
19054,icmp,sv_P4
40964,tcp,sv_P1
25519,tcp,sv_P4
692,tcp,email
62270,icmp,sv_P3
9883,icmp,sv_P5
36917,tcp,sv_P1
44750,udp,sv_P5
14628,udp,sv_P5
60410,tcp,sv_P5
37408,udp,sv_P5
24687,icmp,sv_P5
49076,udp,sv_P3
27514,tcp,sv_P1
54226,tcp,sv_P4
51160,tcp,sv_P5
31472,icmp,sv_P1
45621,tcp,sv_P1
6368,tcp,sv_P2
56350,tcp,sv_P4
44918,udp,sv_P4
58448,tcp,email
10095,tcp,sv_P1
60797,icmp,sv_P4
48336,tcp,sv_P4
9009,tcp,sv_P5
15699,icmp,sv_P1
62390,udp,sv_P4
22952,icmp,email
55145,tcp,email
1845,icmp,email
11459,tcp,sv_P5
11372,icmp,sv_P4
44702,udp,sv_P3
48914,icmp,sv_P4
48776,udp,sv_P2
27636,tcp,sv_P4
18266,tcp,email
26690,tcp,sv_P4
9300,udp,sv_P1
45410,tcp,sv_P3
24769,icmp,sv_P2
18808,udp,sv_P4
40131,tcp,sv_P4
16245,icmp,sv_P1
1457,icmp,sv_P2
2212,udp,sv_P5
36576,tcp,sv_P2
20240,icmp,sv_P3
11726,udp,sv_P5
36616,udp,sv_P2
29671,udp,sv_P4
57847,icmp,sv_P4
26810,tcp,sv_P2
19096,icmp,sv_P5
16503,icmp,sv_P2
47628,tcp,sv_P2
6634,udp,email
17415,icmp,sv_P4
27215,udp,sv_P3
56444,udp,sv_P3
57815,tcp,sv_P3
42201,udp,email
5679,icmp,sv_P4
29724,tcp,sv_P2
15871,udp,sv_P1
53762,udp,sv_P5
62742,tcp,email
19307,udp,sv_P4
46216,icmp,sv_P2
56467,udp,sv_P2
33856,tcp,sv_P3
8196,udp,sv_P2
34628,udp,sv_P3
37071,tcp,sv_P1
29575,tcp,sv_P4
43385,udp,sv_P3
1896,tcp,sv_P3
1256,tcp,sv_P4
40075,tcp,sv_P1
60625,icmp,sv_P3
22498,icmp,email
16909,udp,sv_P2
15202,icmp,email
8647,tcp,sv_P3
29069,tcp,sv_P5
51553,tcp,sv_P1
6302,tcp,sv_P4
49974,udp,sv_P5
64231,udp,sv_P4
2448,udp,email
40569,icmp,sv_P5
2843,tcp,email
2356,icmp,sv_P2
53781,icmp,sv_P4
29515,udp,sv_P4
60028,icmp,sv_P4
8545,udp,sv_P3
56122,udp,sv_P2
6498,icmp,sv_P2
65243,tcp,sv_P5
39699,tcp,sv_P2
35901,tcp,email
64957,icmp,sv_P4
59973,tcp,sv_P4
48943,tcp,email
15033,icmp,sv_P5
909,udp,sv_P2
1776,icmp,email
57367,icmp,sv_P4
54521,udp,sv_P5
39216,tcp,sv_P4
6445,udp,email
29407,icmp,email
43744,udp,email
10463,icmp,sv_P5
16338,tcp,sv_P2
45531,udp,sv_P2
49116,tcp,sv_P5
5514,tcp,sv_P4
2558,tcp,sv_P1
9598,icmp,email
62173,tcp,sv_P3
15126,tcp,sv_P1
12294,icmp,sv_P4
38221,udp,sv_P4
47989,udp,sv_P5
20661,tcp,sv_P3
63986,udp,sv_P4
8873,icmp,email
40213,udp,sv_P3
45884,tcp,sv_P4
8371,tcp,sv_P4
54051,udp,sv_P1
5321,icmp,sv_P4
52037,udp,sv_P4
41790,icmp,sv_P4
37206,tcp,sv_P1
24956,udp,email
2162,udp,sv_P2
58473,tcp,email
37756,icmp,sv_P5
51062,udp,sv_P2
46123,tcp,sv_P4
1799,tcp,sv_P3
49038,udp,email
32184,icmp,sv_P1
4559,icmp,sv_P5
56939,udp,sv_P4
49567,tcp,email
47347,tcp,sv_P4
62734,udp,sv_P5
6643,icmp,sv_P5
60178,tcp,email
47842,tcp,email
20895,udp,email
12698,icmp,sv_P5
13482,icmp,sv_P5
28858,tcp,sv_P4
32520,icmp,sv_P2
26223,udp,sv_P2
56820,tcp,sv_P3
50352,tcp,sv_P3
28532,icmp,email
54300,tcp,sv_P4
16137,udp,sv_P2
3151,icmp,sv_P1
22346,tcp,sv_P5
2926,tcp,email
51605,icmp,sv_P3
53717,tcp,sv_P4
8844,tcp,sv_P5
1152,udp,sv_P4
65128,udp,sv_P3
44626,tcp,sv_P2
21442,icmp,email
37357,tcp,sv_P5
59927,udp,sv_P4
42682,icmp,sv_P2
33653,icmp,email
2397,icmp,sv_P2
10374,tcp,sv_P2
43419,tcp,sv_P1
64367,udp,sv_P1
2587,tcp,email
60686,icmp,email
55651,icmp,sv_P1
35694,icmp,sv_P4
12937,udp,sv_P2
44017,icmp,sv_P4
48164,udp,sv_P2
33290,tcp,sv_P5
25069,udp,sv_P3
12548,tcp,sv_P2
19645,udp,sv_P1
15571,tcp,sv_P4
40477,udp,sv_P1
28873,tcp,email
27960,tcp,sv_P1
49256,udp,sv_P3
15959,udp,sv_P5
29629,tcp,email
8666,icmp,email
51262,udp,sv_P1
44270,icmp,sv_P5
14528,udp,sv_P4
43767,udp,sv_P5
42997,udp,email
15243,icmp,sv_P4
8766,icmp,sv_P4
63616,tcp,sv_P4
53206,tcp,sv_P5
41317,udp,sv_P3
10888,udp,sv_P3
2572,udp,sv_P2
26266,udp,sv_P5
17174,icmp,sv_P1
34877,udp,sv_P3
17931,udp,sv_P5
37675,icmp,sv_P3
61153,tcp,email
34956,udp,sv_P4
63762,udp,email
32225,tcp,sv_P3
3154,udp,sv_P1
44769,tcp,email
46254,udp,sv_P2
9938,icmp,email
48691,tcp,sv_P1
25025,udp,sv_P4
51439,udp,sv_P1
17006,udp,sv_P2
45805,tcp,sv_P4
37188,udp,email
20256,udp,sv_P2
3369,tcp,sv_P1
16363,tcp,sv_P4
58558,udp,email
50858,icmp,email
48798,icmp,sv_P3
49278,icmp,sv_P1
20946,tcp,sv_P1
61604,tcp,sv_P4
59298,icmp,sv_P1
8341,tcp,sv_P2
63196,tcp,sv_P1
48897,udp,sv_P2
25628,icmp,sv_P3
49335,udp,sv_P4
6457,tcp,email
19562,icmp,sv_P3
41463,icmp,sv_P3
1426,icmp,email
28327,tcp,sv_P5
41607,udp,sv_P3
53164,icmp,sv_P3
18714,tcp,sv_P4
61580,tcp,sv_P4
8792,icmp,sv_P3
59071,tcp,sv_P2
23164,icmp,sv_P1
43249,icmp,sv_P3
23453,icmp,sv_P4
57024,tcp,sv_P5
48203,tcp,sv_P5
12300,icmp,sv_P3
63195,icmp,sv_P3
34199,icmp,email
30075,udp,sv_P2
23033,icmp,sv_P2
28064,tcp,email
29507,tcp,sv_P3
23320,tcp,sv_P4
63024,tcp,sv_P2
49804,tcp,sv_P3
26884,icmp,email
45327,icmp,sv_P1
55441,tcp,sv_P5
21834,udp,sv_P3
8995,icmp,email
18677,tcp,sv_P2
25757,tcp,sv_P3
54168,icmp,sv_P1
14082,udp,sv_P4
9982,icmp,sv_P5
59191,icmp,sv_P5
32338,icmp,sv_P4
63415,udp,email
62920,tcp,sv_P5
34401,tcp,sv_P2
43239,icmp,sv_P2
28381,icmp,sv_P1
17685,udp,sv_P4
19564,udp,sv_P4
7610,tcp,sv_P2
15290,udp,sv_P2
19914,icmp,email
28388,icmp,sv_P2
39451,icmp,email
42539,udp,sv_P5
32971,tcp,sv_P5
32694,udp,sv_P1
58757,icmp,sv_P2
45551,tcp,sv_P3
1013,udp,sv_P1
64362,icmp,sv_P1
13757,udp,email
15715,tcp,sv_P3
56871,tcp,sv_P3
6987,icmp,sv_P1
6990,tcp,sv_P3
15731,icmp,sv_P1
14282,udp,sv_P4
12733,udp,sv_P4
16405,udp,email
48293,tcp,sv_P3
20716,udp,sv_P2
23760,icmp,email
20583,udp,sv_P5
16389,tcp,sv_P5
59690,udp,email
44316,udp,sv_P5
61280,tcp,email
30034,icmp,sv_P5
17694,udp,sv_P5
53024,tcp,sv_P1
53292,udp,sv_P1
43233,icmp,sv_P4
31235,icmp,sv_P5
11726,tcp,sv_P2
44087,tcp,sv_P1
43575,udp,sv_P1
58815,icmp,email
6594,icmp,sv_P5
21877,icmp,email
46238,icmp,sv_P2
36393,tcp,sv_P1
28391,icmp,sv_P2
32947,tcp,sv_P1
32413,udp,sv_P1
52409,udp,sv_P4
24796,icmp,sv_P5
46354,tcp,sv_P3
13479,tcp,email
30223,udp,sv_P2
10781,tcp,sv_P3
45132,icmp,sv_P3
18912,udp,sv_P2
5598,tcp,sv_P4
12602,icmp,sv_P1
35297,udp,sv_P5
28303,udp,sv_P5
42571,icmp,sv_P4
26819,icmp,sv_P3
45297,tcp,sv_P1
16458,icmp,email
42386,tcp,sv_P1
65111,udp,sv_P5
55523,icmp,sv_P3
40252,tcp,sv_P5
60129,icmp,sv_P1
52271,udp,sv_P1
29739,udp,sv_P3
6125,icmp,sv_P3
40461,udp,sv_P1
4387,tcp,sv_P5
28156,icmp,sv_P2
39196,udp,sv_P2
3818,icmp,sv_P4
28934,icmp,sv_P4
44081,udp,sv_P2
22956,udp,sv_P3
62738,tcp,sv_P3
57217,tcp,sv_P2
20496,icmp,sv_P3
30853,icmp,sv_P4
14647,udp,email
218,tcp,sv_P1
23202,tcp,sv_P3
49489,icmp,email
8306,udp,sv_P5
34878,icmp,sv_P1
24459,tcp,sv_P1
15569,icmp,email
63398,tcp,sv_P3
10491,udp,sv_P5
19162,udp,sv_P1
1491,tcp,sv_P3
30825,icmp,sv_P3
24103,tcp,email
568,tcp,sv_P3
12721,icmp,email
54163,tcp,sv_P1
11676,tcp,sv_P4
50978,udp,sv_P2
25226,udp,email
38624,udp,sv_P2
13432,tcp,sv_P2
62038,tcp,sv_P5
18731,tcp,email
61648,icmp,sv_P2
16691,icmp,email
19094,icmp,sv_P2
37261,udp,sv_P4
1555,tcp,email
14940,tcp,sv_P2
61271,udp,sv_P5
7746,udp,sv_P5
28135,udp,sv_P4
4101,icmp,sv_P1
28168,udp,email
1161,udp,sv_P3
60137,udp,email
8903,icmp,sv_P1
59956,tcp,email
43665,udp,sv_P1
10048,udp,email
25776,udp,sv_P4
20117,udp,email
56585,udp,email
15624,udp,email
60536,udp,sv_P5
65000,tcp,sv_P4
45928,tcp,sv_P2
64406,tcp,email
20889,tcp,sv_P5
17144,udp,sv_P3
17809,tcp,sv_P5
5877,tcp,email
58269,tcp,sv_P5
26929,udp,sv_P4
44480,icmp,sv_P3
5904,icmp,sv_P5
15473,icmp,sv_P3
60167,tcp,sv_P5
1810,tcp,email
13340,icmp,sv_P4
8946,icmp,sv_P2
45385,tcp,sv_P1
45238,icmp,sv_P5
26428,tcp,email
58864,udp,sv_P2
18498,icmp,sv_P4
63540,tcp,sv_P3
60138,udp,sv_P5
35200,tcp,email
32046,tcp,sv_P2
29078,udp,sv_P3
23385,tcp,sv_P1
55829,icmp,email
30198,tcp,sv_P1
40938,udp,sv_P5
55395,icmp,sv_P4
11083,udp,sv_P2
62552,icmp,sv_P4
45261,icmp,email
689,icmp,sv_P2
45190,udp,sv_P5
4544,tcp,sv_P1
45300,icmp,sv_P2
18491,icmp,sv_P5
29116,icmp,sv_P5
49042,icmp,sv_P3
1088,icmp,sv_P1
48432,icmp,sv_P4
36111,icmp,sv_P4
29672,tcp,sv_P1
52678,udp,sv_P5
61466,udp,sv_P5
8835,tcp,sv_P1
40779,udp,email
64663,udp,sv_P4
5691,icmp,sv_P2
32779,tcp,sv_P5
52095,icmp,sv_P2
13456,udp,sv_P2
57834,udp,sv_P2
64502,tcp,email
47024,tcp,sv_P1
60472,udp,sv_P2
3171,tcp,email
23792,udp,sv_P4
26361,tcp,sv_P5
23745,icmp,sv_P4
15557,udp,sv_P5
52202,icmp,sv_P2
3707,icmp,sv_P2
54380,udp,sv_P5
65078,udp,email
64250,tcp,sv_P3
22239,tcp,sv_P1
56882,udp,sv_P2
25513,icmp,sv_P4
64584,udp,sv_P1
4829,tcp,sv_P1
43639,tcp,sv_P4
14022,udp,sv_P5
41126,tcp,sv_P3
25522,icmp,sv_P3
7928,icmp,sv_P1
9501,icmp,email
49253,udp,sv_P5
31465,icmp,sv_P2
61061,tcp,sv_P1
38423,tcp,sv_P5
45339,icmp,sv_P1
8421,tcp,sv_P1
29535,tcp,sv_P3
740,icmp,sv_P5
36149,udp,sv_P4
21191,tcp,email
10781,udp,sv_P2
15408,icmp,sv_P1
61896,icmp,sv_P1
57512,tcp,sv_P5
47107,udp,sv_P1
55881,udp,sv_P5
40814,tcp,sv_P1
42225,udp,sv_P1
2542,tcp,email
47081,udp,sv_P2
34861,udp,sv_P3
27460,tcp,sv_P3
10516,udp,sv_P1
46507,icmp,sv_P2
52560,udp,sv_P1
34619,udp,sv_P3
11296,tcp,sv_P4
56740,tcp,sv_P3
57082,udp,sv_P3
43298,icmp,sv_P1
8302,tcp,sv_P5
47962,icmp,sv_P5
31538,tcp,sv_P3
64846,udp,sv_P2
33255,tcp,email
21715,icmp,sv_P4
9334,udp,sv_P2
40164,tcp,email
43376,tcp,sv_P4
26509,icmp,sv_P2
40459,icmp,sv_P1
25440,icmp,sv_P4
40616,icmp,sv_P5
6009,icmp,email
15595,tcp,email
31624,tcp,sv_P4
43177,udp,sv_P4
47610,udp,sv_P5
3086,tcp,sv_P2
10392,tcp,sv_P1
23183,udp,sv_P1
21528,udp,sv_P3
51919,icmp,sv_P1
54526,icmp,email
48677,tcp,sv_P4
17775,tcp,sv_P1
45094,udp,sv_P5
43218,udp,sv_P1
45003,tcp,sv_P5
13769,tcp,sv_P1
53829,icmp,sv_P2
28311,tcp,sv_P1
39567,udp,sv_P3
65221,icmp,sv_P2
60816,tcp,email
55242,udp,sv_P2
30295,udp,sv_P2
33215,udp,sv_P2
27354,tcp,sv_P5
63693,udp,sv_P1
49721,tcp,sv_P1
25548,tcp,sv_P5
55820,udp,sv_P3
51641,tcp,sv_P1
12151,udp,sv_P1
51322,udp,sv_P5
27914,icmp,email
1942,tcp,email
14398,udp,sv_P4
15380,icmp,sv_P3
52646,tcp,sv_P5
13741,icmp,sv_P3
49422,udp,sv_P3
30119,tcp,sv_P3
49280,icmp,sv_P5
1361,tcp,sv_P3
26036,udp,sv_P1
7023,tcp,email
43341,udp,sv_P2
4940,icmp,sv_P5
43799,tcp,sv_P4
57897,icmp,sv_P2
54565,icmp,email
23748,icmp,sv_P3
41427,tcp,sv_P5
31690,tcp,sv_P2
16291,udp,sv_P5
50010,icmp,sv_P2
58973,icmp,sv_P3
51781,icmp,sv_P5
58702,udp,sv_P1
31846,icmp,sv_P1
52589,icmp,sv_P3
23874,tcp,email
28447,udp,sv_P3
21655,icmp,sv_P1
55215,icmp,email
2353,udp,email
56384,udp,sv_P5
53163,udp,email
42958,icmp,sv_P2
1581,udp,sv_P1
4199,icmp,sv_P4
30229,icmp,sv_P3
27974,icmp,sv_P1
62059,tcp,sv_P1
4075,tcp,email
425,udp,sv_P4
55581,tcp,sv_P5
51170,icmp,email
64186,icmp,sv_P5
51636,tcp,sv_P3
49860,tcp,sv_P5
64755,udp,sv_P4
46813,icmp,sv_P2
11927,udp,email
236,udp,sv_P2
39005,icmp,sv_P1
8236,tcp,email
54745,icmp,email
37210,udp,sv_P3
10895,icmp,sv_P2
8076,udp,sv_P2
24610,tcp,sv_P3
27814,icmp,sv_P2
40135,tcp,sv_P2
31208,tcp,sv_P2
3805,tcp,sv_P3
59096,tcp,sv_P1
4192,tcp,sv_P5
3990,udp,sv_P5
12239,tcp,email
58068,icmp,sv_P1
181,icmp,sv_P3
48757,udp,sv_P4
64339,icmp,email
23063,tcp,sv_P3
53343,tcp,sv_P1
62333,udp,sv_P2
38335,icmp,sv_P4
62249,udp,sv_P1
7791,tcp,sv_P1
34284,icmp,sv_P1
10437,icmp,sv_P2
18072,udp,sv_P2
38305,udp,sv_P2
40195,icmp,sv_P1
11949,icmp,sv_P4
51391,tcp,email
17520,udp,sv_P4
19141,udp,sv_P3
37066,udp,sv_P5
36595,icmp,sv_P1
25621,udp,sv_P2
61458,tcp,sv_P3
12408,udp,sv_P2
35139,udp,sv_P5
64536,tcp,sv_P5
26753,udp,sv_P3
37660,icmp,sv_P5
13475,icmp,sv_P3
40653,udp,sv_P1
15496,udp,sv_P2
23809,tcp,sv_P4
6011,udp,sv_P2
23353,icmp,sv_P3
34646,icmp,sv_P5
25983,udp,sv_P4
25779,tcp,sv_P3
44990,tcp,sv_P1
14061,icmp,email
16835,tcp,email
14354,icmp,email
62023,udp,sv_P4
47189,udp,sv_P5
45993,udp,sv_P1
3907,icmp,sv_P3
28674,udp,sv_P1
11858,tcp,sv_P2
16618,icmp,sv_P4
20145,icmp,sv_P5
65518,tcp,email
54124,tcp,email
24786,icmp,sv_P1
50448,icmp,sv_P2
37845,icmp,sv_P5
862,icmp,sv_P4
16312,tcp,sv_P2
20175,tcp,sv_P2
26296,icmp,sv_P1
52454,udp,sv_P3
56150,udp,sv_P4
23725,icmp,email
58991,udp,sv_P3
59090,icmp,sv_P4
15686,tcp,sv_P5
25170,tcp,sv_P3
5448,icmp,email
26282,udp,sv_P3
65280,tcp,sv_P4
20417,udp,sv_P3
31479,udp,sv_P5
65339,icmp,sv_P4
38217,icmp,sv_P4
9089,udp,sv_P1
36869,icmp,email
29900,udp,sv_P4
38833,icmp,sv_P2
32640,udp,sv_P3
13143,icmp,sv_P4
14462,icmp,sv_P1
30772,tcp,email
36781,icmp,sv_P5
38743,udp,sv_P3
1376,tcp,sv_P1
58295,udp,sv_P5
61842,udp,sv_P4
41522,icmp,email
33550,udp,sv_P5
34216,udp,sv_P3
42925,udp,sv_P2
3075,icmp,sv_P1
33622,udp,sv_P4
53322,tcp,sv_P2
62317,udp,sv_P4
7597,udp,sv_P5
51318,tcp,sv_P5
4546,tcp,sv_P5
1853,tcp,sv_P1
6672,tcp,sv_P1
59829,udp,sv_P5
46604,udp,sv_P5
18367,icmp,sv_P3
17255,icmp,sv_P2
49489,udp,sv_P1
45726,icmp,email
19604,icmp,sv_P5
361,icmp,sv_P5
56498,udp,email
12438,icmp,sv_P2
16067,udp,sv_P2
59041,icmp,email
55389,tcp,sv_P3
12979,icmp,sv_P4
62248,tcp,sv_P2
11987,tcp,sv_P2
60881,icmp,email
18485,tcp,sv_P2
20244,tcp,email
54805,icmp,email
2392,udp,sv_P3
21004,tcp,sv_P5
49391,tcp,sv_P1
23686,icmp,sv_P3
33059,icmp,sv_P3
12344,tcp,email
56340,udp,sv_P3
57881,icmp,sv_P1
50618,icmp,sv_P3
41651,icmp,sv_P2
49716,tcp,sv_P3
48852,tcp,sv_P3
48249,icmp,sv_P1
27425,tcp,sv_P5
8242,icmp,sv_P5
65284,icmp,sv_P2
61128,tcp,sv_P3
13763,icmp,sv_P5
59956,icmp,sv_P2
41894,udp,sv_P1
34238,tcp,sv_P5
62366,tcp,sv_P4
49450,tcp,sv_P5
54493,icmp,sv_P3
39416,udp,sv_P5
24673,tcp,sv_P5
13841,udp,sv_P5
1355,udp,email
58190,udp,sv_P5
23578,icmp,sv_P1
10869,icmp,sv_P1
56744,udp,sv_P2
15000,tcp,sv_P3
42813,udp,sv_P5
52353,tcp,sv_P2
5123,tcp,sv_P5
1520,udp,sv_P1
30918,tcp,email
10027,udp,sv_P2
61704,icmp,sv_P2
42096,icmp,email
58137,icmp,sv_P2
33541,tcp,sv_P5
53110,udp,sv_P1
20205,udp,sv_P5
43501,tcp,sv_P4
19912,udp,email
34778,tcp,sv_P4
24152,icmp,sv_P1
12755,tcp,sv_P1
64241,tcp,sv_P2
55232,icmp,email
54864,icmp,email
30082,udp,sv_P1
10377,tcp,sv_P2
25608,udp,email
43167,udp,sv_P1
46429,udp,sv_P4
856,icmp,sv_P2
42099,icmp,email
21502,tcp,sv_P1
27750,udp,sv_P4
5549,tcp,sv_P5
2255,tcp,sv_P5
13755,icmp,sv_P3
10443,icmp,sv_P5
56878,tcp,sv_P5
34508,icmp,sv_P2
51614,tcp,sv_P5
46936,icmp,sv_P4
50174,udp,sv_P2
53001,udp,sv_P4
49957,icmp,sv_P1
9509,icmp,sv_P1
21882,udp,sv_P1
30714,tcp,sv_P5
22659,udp,sv_P3
5011,tcp,sv_P1
4808,tcp,sv_P5
56165,udp,email
20137,udp,sv_P3
15076,udp,sv_P3
35382,udp,sv_P1
49755,tcp,sv_P4
60872,icmp,sv_P2
56428,icmp,sv_P4
38813,udp,sv_P5
44,udp,sv_P4
34560,tcp,sv_P5
64887,tcp,sv_P2
43056,tcp,email
11446,icmp,sv_P1
32693,udp,sv_P5
1389,tcp,sv_P2
61251,icmp,sv_P2
48735,udp,sv_P4
1382,icmp,sv_P1
28276,udp,sv_P2
48760,icmp,sv_P5
8273,icmp,sv_P1
5101,tcp,sv_P3
56048,udp,sv_P1
40066,icmp,sv_P5
1750,tcp,sv_P5
53855,udp,sv_P2
38128,icmp,email
52645,icmp,sv_P1
34242,tcp,sv_P5
38056,udp,sv_P2
16021,udp,sv_P1
43043,udp,sv_P4
52243,icmp,sv_P1
1974,tcp,email
49717,udp,sv_P2
11387,udp,sv_P3
63293,icmp,sv_P5
20893,udp,sv_P2
19255,udp,sv_P4
56150,icmp,sv_P4
48507,udp,sv_P2
5249,icmp,sv_P4
18677,icmp,email
37074,icmp,sv_P2
28187,udp,sv_P1
57731,udp,sv_P3
48342,icmp,sv_P5
54670,udp,sv_P4
18637,udp,sv_P1
61769,icmp,sv_P1
6663,icmp,email
2993,tcp,sv_P2
41851,tcp,sv_P4
23880,tcp,sv_P4
64022,tcp,sv_P5
22873,udp,sv_P4
22080,tcp,sv_P2
6219,udp,sv_P4
20424,icmp,sv_P4
13000,tcp,email
57273,tcp,sv_P3
42009,udp,sv_P2
45287,udp,email
410,udp,sv_P4
62451,tcp,sv_P4
22949,tcp,sv_P2
62613,udp,sv_P4
19707,udp,sv_P2
55428,icmp,sv_P5
43411,tcp,sv_P1
778,tcp,sv_P2
56248,tcp,sv_P1
7978,udp,sv_P4
43519,tcp,email
42021,tcp,sv_P5
32249,udp,sv_P5
48696,tcp,sv_P3
42013,udp,email
23622,icmp,sv_P4
50455,udp,email
36414,tcp,sv_P4
34161,icmp,email
1033,icmp,email
29537,icmp,sv_P5
5451,udp,sv_P5
9137,icmp,sv_P4
50294,udp,sv_P3
61361,icmp,sv_P2
51199,tcp,sv_P3
15935,icmp,sv_P5
5068,udp,sv_P5
41262,icmp,sv_P3
41656,icmp,sv_P2
1544,tcp,sv_P5
34376,udp,sv_P1
49938,icmp,sv_P2
28078,udp,sv_P2
55216,udp,sv_P3
53394,udp,email
52785,icmp,sv_P2
12939,icmp,sv_P5
52630,udp,sv_P1
12562,icmp,sv_P2
59606,tcp,email
3394,udp,email
64257,tcp,sv_P3
32780,tcp,sv_P1
3159,udp,sv_P2
10954,udp,sv_P1
19958,tcp,sv_P3
10112,udp,sv_P1
51278,tcp,sv_P1
47200,udp,email
39050,icmp,sv_P2
57471,udp,sv_P1
32247,udp,email
43473,tcp,sv_P5
64438,tcp,sv_P2
232,icmp,sv_P2
178,icmp,sv_P5
26235,tcp,sv_P3
39264,icmp,sv_P1
24092,tcp,sv_P2
10426,udp,sv_P3
22933,udp,sv_P1
60895,tcp,sv_P1
17918,udp,sv_P3
50676,udp,sv_P1
28393,udp,sv_P2
50010,tcp,email
58592,udp,sv_P1
19935,icmp,email
44853,tcp,sv_P2
31501,icmp,sv_P1
2771,udp,sv_P2
48720,udp,sv_P4
19665,icmp,sv_P3
31169,icmp,sv_P1
33257,icmp,sv_P5
43504,icmp,sv_P3
26999,tcp,sv_P3
23004,tcp,sv_P2
41,udp,sv_P1
32522,udp,sv_P4
36,icmp,email
34281,udp,sv_P4
31259,tcp,sv_P3
43125,tcp,sv_P3
56665,icmp,sv_P2
53083,icmp,sv_P2
38895,udp,sv_P1
45498,tcp,sv_P1
65354,tcp,sv_P5
18083,icmp,sv_P3
58130,tcp,sv_P3
14270,icmp,sv_P1
18459,icmp,sv_P1
32355,udp,email
21751,udp,sv_P5
833,tcp,sv_P1
25497,tcp,sv_P5
13429,udp,sv_P3
43066,tcp,sv_P5
46692,icmp,sv_P2
20850,icmp,sv_P3
52236,icmp,email
7702,icmp,sv_P4
19546,icmp,sv_P4
14611,icmp,sv_P1
7116,icmp,sv_P2
1158,tcp,sv_P2
39470,icmp,email
17917,icmp,sv_P3
58418,udp,sv_P4
38122,tcp,sv_P3
23504,tcp,sv_P3
6931,tcp,sv_P1
8158,icmp,email
57703,icmp,sv_P4
44158,udp,sv_P2
30793,tcp,sv_P3
38845,tcp,sv_P3
1296,udp,email
20530,icmp,email
25372,tcp,sv_P5
1269,tcp,sv_P5
38228,udp,sv_P2
5208,tcp,sv_P3
2901,icmp,email
24055,udp,email
48287,icmp,sv_P5
45542,tcp,sv_P5
57390,udp,email
62861,udp,sv_P1
24754,udp,sv_P3
43380,icmp,sv_P1
15563,udp,sv_P2
27963,icmp,sv_P5
56598,udp,sv_P3
12948,tcp,sv_P3
15078,tcp,sv_P5
50534,udp,sv_P1
3575,icmp,sv_P1
63816,icmp,sv_P1
7652,udp,sv_P4
44173,udp,sv_P2
49712,udp,email
44175,tcp,sv_P5
37205,icmp,sv_P3
32442,tcp,sv_P5
777,icmp,email
38284,udp,sv_P5
17367,icmp,email
5037,icmp,sv_P1
63823,udp,sv_P5
10305,udp,sv_P2
9614,udp,sv_P3
20702,udp,sv_P5
29848,udp,sv_P2
3365,icmp,sv_P2
34566,udp,sv_P5
3991,tcp,sv_P5
14702,icmp,email
10234,tcp,email
24946,udp,sv_P5
11390,tcp,sv_P1
24825,tcp,email
46973,udp,sv_P1
24903,icmp,sv_P1
13153,icmp,sv_P1
23648,udp,email
58124,udp,sv_P1
27733,tcp,email
35948,udp,sv_P4
48468,icmp,email
22865,tcp,sv_P2
55889,icmp,sv_P5
5803,icmp,sv_P5
46691,udp,email
49495,icmp,sv_P5
12107,icmp,sv_P3
10986,icmp,email
42562,icmp,sv_P2
1041,icmp,email
6369,udp,sv_P3
13930,icmp,sv_P3
34074,icmp,sv_P3
25803,tcp,sv_P4
30260,icmp,sv_P4
49004,udp,sv_P3
43644,icmp,sv_P2
59374,udp,sv_P3
29200,icmp,sv_P1
12801,icmp,email
24940,icmp,email
41396,icmp,sv_P4
61241,tcp,sv_P3
23546,udp,sv_P4
46361,tcp,sv_P2
11633,udp,sv_P4
11525,udp,sv_P5
27027,tcp,sv_P3
37553,icmp,sv_P2
60486,udp,sv_P2
29561,icmp,sv_P2
7866,tcp,sv_P4
10550,tcp,sv_P1
18971,udp,email
12392,udp,sv_P3
47274,icmp,sv_P5
30901,icmp,sv_P2
52151,udp,sv_P4
37958,icmp,sv_P2
63327,icmp,sv_P3
41746,icmp,email
18325,udp,sv_P2
10742,udp,sv_P2
30237,tcp,sv_P3
33806,icmp,sv_P1
56478,udp,sv_P1
24593,icmp,sv_P2
49155,icmp,sv_P3
61794,tcp,sv_P2
3589,udp,sv_P5
34982,tcp,sv_P3
15858,tcp,sv_P5
50227,udp,email
53103,icmp,sv_P5
64042,icmp,sv_P3
28178,icmp,sv_P4
53561,udp,sv_P2
18535,icmp,email
50576,icmp,email
64318,udp,sv_P1
45831,icmp,sv_P3
15535,tcp,sv_P2
57986,tcp,sv_P2
33937,icmp,sv_P3
10613,udp,sv_P4
48979,icmp,sv_P1
32387,tcp,sv_P5
28192,tcp,email
35954,icmp,sv_P1
64554,icmp,sv_P2
27710,udp,sv_P3
57585,udp,sv_P4
41832,udp,sv_P4
44358,tcp,sv_P4
10484,udp,sv_P4
21657,udp,email
57666,udp,sv_P4
38214,tcp,sv_P3
65486,udp,sv_P2
56098,udp,sv_P4
22501,icmp,sv_P1
26261,icmp,sv_P5
19374,icmp,sv_P2
35594,udp,sv_P1
29247,tcp,sv_P1
3049,tcp,sv_P1
20212,icmp,sv_P4
21755,icmp,sv_P3
57361,tcp,sv_P4
63022,udp,sv_P2
2397,udp,sv_P5
35889,icmp,sv_P1
21427,udp,email
12289,tcp,sv_P5
41233,tcp,sv_P4
51736,udp,sv_P4
31986,tcp,sv_P1
989,icmp,sv_P3
47891,icmp,sv_P1
61312,tcp,sv_P3
20487,tcp,sv_P2
40359,udp,email
24252,tcp,sv_P5
51244,icmp,sv_P3
42349,icmp,sv_P2
32536,icmp,email
41441,tcp,sv_P2
40473,udp,sv_P3
36720,udp,sv_P3
14762,icmp,sv_P1
65080,tcp,sv_P2
2083,udp,sv_P5
26808,udp,sv_P2
61476,icmp,sv_P3
18326,tcp,sv_P1
56996,tcp,sv_P5
30614,tcp,sv_P4
56261,icmp,sv_P1
34021,icmp,sv_P2
62011,tcp,sv_P3
40517,icmp,sv_P4
19523,udp,email
47060,tcp,sv_P1
40953,icmp,sv_P3
55135,icmp,sv_P4
47135,tcp,sv_P5
19908,tcp,email
45468,udp,sv_P1
8397,udp,sv_P2
3941,tcp,email
50610,icmp,email
10757,icmp,sv_P2
16869,tcp,sv_P5
46305,icmp,sv_P1
57310,tcp,sv_P5
19213,udp,email
1451,icmp,sv_P3
60430,udp,sv_P5
36066,udp,sv_P5
18484,icmp,email
36126,icmp,sv_P1
33636,tcp,sv_P5
56500,tcp,email
11588,udp,sv_P2
3455,udp,sv_P5
16466,udp,sv_P3
23586,icmp,sv_P1
19452,icmp,sv_P4
28068,tcp,sv_P5
35256,icmp,sv_P2
32180,tcp,sv_P2
54044,udp,sv_P2
45285,udp,sv_P2
12165,udp,email
27211,udp,email
33812,tcp,sv_P2
43812,udp,email
23864,icmp,email
44359,udp,sv_P4
44153,icmp,email
13733,icmp,sv_P3
50912,udp,sv_P1
14977,icmp,sv_P3
44083,tcp,sv_P1
12132,udp,sv_P2
9324,udp,sv_P2
20046,tcp,email
58898,tcp,sv_P3
14156,icmp,sv_P2
20521,icmp,sv_P2
6294,icmp,sv_P2
3,tcp,sv_P1
59966,udp,email
15696,udp,email
1138,icmp,sv_P2
22259,icmp,email
42671,icmp,sv_P3
55794,icmp,sv_P4
47085,icmp,sv_P1
12584,tcp,sv_P5
60011,tcp,sv_P5
64230,icmp,sv_P1
64147,tcp,sv_P1
48440,udp,email
19910,icmp,sv_P5
20826,icmp,sv_P2
58055,tcp,sv_P1
58654,tcp,email
5766,tcp,sv_P3
30752,icmp,sv_P2
47623,udp,sv_P1
37691,icmp,sv_P5
3150,udp,email
57704,udp,sv_P4
13308,udp,sv_P3
49922,icmp,sv_P3
7439,tcp,sv_P4
10123,tcp,sv_P3
40479,udp,sv_P1
33123,icmp,sv_P3
55881,icmp,sv_P4
659,udp,sv_P3
10084,udp,sv_P2
62105,udp,sv_P1
52872,udp,email
61924,udp,sv_P1
39201,tcp,sv_P5
7169,icmp,sv_P1
26594,icmp,sv_P4
746,icmp,sv_P1
268,icmp,email
23108,udp,sv_P3
59890,udp,sv_P4
36734,udp,email
65054,udp,sv_P3
1698,tcp,sv_P2
1051,icmp,sv_P2
54471,tcp,sv_P3
39740,tcp,email
63029,udp,sv_P1
17209,icmp,email
38332,icmp,sv_P1
53461,udp,sv_P1
56642,udp,sv_P3
4431,udp,sv_P1
34638,icmp,sv_P5
20151,icmp,email
41579,icmp,sv_P1
3083,udp,sv_P2
24750,icmp,email
32697,udp,sv_P5
18750,tcp,sv_P5
29125,icmp,sv_P4
21063,udp,sv_P1
42314,tcp,sv_P2
50154,tcp,sv_P1
5966,udp,sv_P3
63354,udp,sv_P2
25612,icmp,sv_P1
28871,icmp,sv_P2
61046,icmp,sv_P3
12313,udp,sv_P2
25520,udp,sv_P3
9660,udp,sv_P3
25955,tcp,sv_P4
31838,udp,email
39892,tcp,sv_P2
4928,tcp,sv_P2
8089,tcp,sv_P4
31802,udp,sv_P3
46559,tcp,sv_P1
21691,icmp,email
13048,tcp,email
14568,icmp,sv_P2
20962,tcp,email
19174,icmp,sv_P1
40129,udp,sv_P5
8024,tcp,sv_P3
14605,icmp,sv_P2
64391,tcp,sv_P2
10214,udp,email
32756,tcp,sv_P3
38203,tcp,sv_P4
31090,udp,sv_P5
63271,icmp,sv_P1
49311,tcp,sv_P3
21715,tcp,sv_P3
56213,udp,sv_P5
17944,tcp,sv_P5
14437,icmp,email
55803,icmp,sv_P4
33522,udp,sv_P5
50585,udp,email
60980,tcp,sv_P1
43998,udp,sv_P4
23991,udp,sv_P5
1386,tcp,email
22033,icmp,sv_P3
57678,udp,sv_P4
1541,icmp,sv_P1
2535,tcp,sv_P1
1029,tcp,email
31314,udp,sv_P3
49370,udp,sv_P5
34935,tcp,sv_P2
45179,tcp,sv_P5
5097,icmp,sv_P3
14497,icmp,sv_P1
9756,tcp,sv_P4
48660,udp,email
63532,udp,sv_P3
9990,icmp,sv_P1
47031,udp,sv_P5
63407,tcp,sv_P2
4847,tcp,sv_P4
63439,icmp,sv_P1
63381,icmp,sv_P1
42387,icmp,sv_P5
35687,udp,sv_P2
35267,udp,sv_P5
42249,icmp,sv_P3
34622,tcp,sv_P1
62581,icmp,sv_P3
1134,udp,sv_P2
24978,udp,sv_P3
57173,tcp,email
59333,tcp,sv_P1
8508,icmp,email
38156,tcp,sv_P4
21664,tcp,sv_P4
37078,icmp,sv_P3
40889,udp,sv_P2
31761,icmp,sv_P5
25555,tcp,sv_P4
41349,icmp,sv_P3
61021,tcp,email
665,icmp,sv_P1
61217,icmp,sv_P3
47859,icmp,sv_P4
46585,icmp,email
61896,udp,sv_P2
54051,tcp,sv_P4
